id,SQ1,SQ2,DQ1,DQ2,Q1,Q2,Q3,Q4_1,Q4_2,Q4_3,Q4_4,Q4_5,Q4_6,Q4_7,Q4_8,Q5#1,Q5#2,Q5#3,Q6#1,Q6#2,Q6#3,Q7#1,Q7#2,Q7#3,Q8,Q9,Q10,Q11,Q12,DQ3,DQ4,DQ5,DQ6
1,3,1,2,2,3,2,3,3,3,3,3,3,3,2,3,5,4,3,11,10,9,3,4,5,5,3,3,7,3,12,2,2,3
2,3,2,1,4,3,3,2,3,4,3,2,2,4,2,3,6,4,3,11,3,5,3,1,4,3,4,4,4,1,7,5,2,3
3,2,1,11,4,3,1,3,3,3,3,1,4,2,4,3,7,3,2,5,4,9,3,7,4,4,3,2,6,4,12,4,3,3
4,3,2,1,5,4,2,3,3,4,3,3,3,3,2,3,8,6,1,5,9,11,3,1,2,4,3,2,1,1,3,8,3,3
5,4,1,16,4,3,1,3,3,4,3,2,3,3,2,3,4,5,2,12,,,1,3,4,3,3,4,3,1,12,3,2,2
6,4,2,1,4,3,2,3,3,3,2,3,3,3,4,4,1,3,5,3,8,10,2,7,4,1,3,1,6,1,11,4,2,4
7,4,2,1,1,2,2,2,3,4,2,3,3,3,2,2,1,4,6,8,11,9,3,4,1,5,4,2,3,1,3,6,3,3
8,4,2,1,5,3,2,3,3,3,2,3,4,4,3,3,2,4,5,10,3,11,3,4,1,2,2,1,2,2,11,8,4,4
9,1,1,1,2,1,5,1,4,2,2,2,2,4,1,1,1,4,7,1,3,6,11,,,5,5,5,7,6,12,1,5,3
10,3,2,2,2,3,2,3,3,3,3,2,3,3,2,3,1,2,3,9,10,11,3,1,4,4,4,2,7,4,3,4,3,2
11,4,1,2,2,3,1,3,3,4,3,3,3,3,4,2,1,2,8,11,9,4,1,3,4,4,3,3,4,4,12,1,1,4
12,3,2,1,2,4,1,2,3,4,3,3,2,4,1,2,1,3,5,12,,,4,3,2,3,5,2,5,1,3,5,3,3
13,2,1,9,4,3,2,3,3,3,2,2,2,3,2,2,3,4,8,2,7,9,4,7,9,2,2,2,4,6,12,2,3,3
14,3,2,1,4,3,3,3,3,3,3,2,3,3,2,2,1,8,3,11,10,5,3,4,1,4,3,2,1,2,11,8,3,3
15,3,1,12,2,3,3,3,3,3,3,3,3,2,3,3,4,5,6,1,2,3,2,3,9,2,3,3,2,1,12,1,1,1
16,3,2,2,2,3,1,3,4,3,3,2,4,3,2,3,1,7,4,3,9,10,1,3,7,4,2,4,2,5,11,5,3,1
17,4,2,9,2,3,2,3,3,3,2,2,4,3,3,4,1,2,7,5,9,3,3,4,1,4,3,2,2,1,2,4,3,2
18,2,1,5,4,3,2,3,3,3,3,3,4,3,2,3,1,2,3,6,9,10,1,3,4,4,2,1,4,1,12,1,2,3
19,4,2,1,5,3,2,3,3,3,3,2,4,4,3,3,3,2,9,9,5,8,3,1,4,3,3,2,1,1,11,5,3,2
20,4,2,9,4,3,2,3,3,3,3,3,3,3,4,4,1,2,5,9,10,11,1,3,4,4,3,2,3,1,4,3,3,2
21,1,2,10,3,3,3,4,3,1,3,4,2,2,3,4,1,2,5,1,2,3,2,3,4,3,2,2,5,5,10,1,4,1
22,3,1,16,2,4,5,3,3,4,1,1,4,3,1,1,4,3,2,12,,,11,,,3,4,1,2,1,12,1,1,3
23,3,2,9,2,3,2,3,3,2,3,4,4,3,2,4,5,3,4,12,,,3,2,7,3,2,2,3,3,9,3,3,3
24,4,2,4,5,3,2,3,3,3,3,3,4,3,2,3,3,4,5,8,9,10,4,3,1,3,1,2,2,3,2,2,3,3
25,3,2,9,4,3,1,3,3,4,3,3,3,4,2,2,1,3,2,11,10,2,3,1,4,3,3,2,4,1,11,5,3,3
26,2,1,15,4,2,3,2,3,3,2,2,3,3,2,2,2,3,6,11,7,8,3,4,1,3,4,2,3,1,12,2,2,3
27,4,2,9,4,3,1,2,3,4,2,2,3,2,3,3,5,2,11,11,9,10,3,4,7,4,3,3,7,6,3,6,3,3
28,3,1,5,2,2,1,3,3,3,4,2,3,4,4,2,1,3,5,6,7,8,3,4,8,2,1,2,2,1,12,1,1,4
29,3,2,9,2,3,2,2,3,3,2,2,4,3,2,3,2,1,3,5,10,9,3,2,7,3,3,4,7,1,11,3,1,4
30,1,1,9,4,3,2,4,3,4,3,4,3,3,2,2,1,3,6,11,5,8,1,3,4,3,3,5,7,4,12,2,2,3
31,3,2,1,4,3,1,3,3,3,3,4,4,3,3,3,1,3,9,5,9,10,1,3,4,3,3,4,1,2,1,4,2,3
32,3,2,2,4,3,1,3,3,3,2,2,3,3,3,3,1,2,3,8,11,9,3,1,4,3,3,2,1,3,3,3,2,3
33,2,1,15,4,4,2,4,4,4,3,3,3,2,4,2,5,2,3,12,,,1,3,4,5,3,1,4,2,12,1,2,4
34,3,2,1,2,2,1,3,3,4,3,3,3,3,2,3,1,5,3,9,11,10,3,7,8,4,4,4,2,1,5,3,2,3
35,2,1,9,1,1,5,3,3,3,3,3,3,3,3,4,1,2,3,5,9,11,3,1,2,3,5,2,7,6,12,1,1,3
36,1,1,3,5,3,2,3,4,3,3,3,4,2,2,3,6,5,1,12,,,3,4,1,3,2,2,3,3,12,1,1,4
37,4,2,9,4,3,2,3,3,3,3,1,4,2,3,2,1,2,5,11,10,7,11,,,4,3,3,3,5,11,6,3,4
38,2,1,16,4,3,3,3,3,3,3,3,3,3,2,3,1,3,5,12,,,3,2,4,5,2,4,2,5,12,1,3,4
39,3,2,13,4,3,1,2,3,4,3,3,4,4,1,4,1,2,5,4,9,10,3,4,2,4,4,2,4,1,3,1,1,5
40,1,1,1,4,3,2,3,3,4,2,2,3,2,2,2,4,1,3,9,5,6,7,3,1,3,3,1,5,3,12,1,1,4
41,3,2,7,4,2,2,3,3,3,3,3,2,3,2,3,1,2,4,10,3,9,3,4,1,4,3,3,2,3,3,3,2,3
42,3,2,9,2,2,2,2,4,3,3,3,4,2,4,2,1,2,5,11,10,4,3,1,7,3,3,2,3,3,4,2,2,4
43,4,1,1,4,4,3,3,3,3,2,2,3,3,2,3,4,2,1,10,11,3,1,3,2,3,2,5,3,3,12,5,3,4
44,3,2,9,4,3,2,2,3,4,3,2,4,4,1,2,4,1,2,5,4,3,3,4,1,3,4,2,4,3,11,6,3,4
45,3,2,13,2,3,2,3,3,3,3,2,2,4,4,3,1,2,4,1,2,4,1,3,8,1,4,5,3,2,7,1,2,3
46,3,1,13,2,3,2,3,3,3,3,3,4,3,3,3,1,2,3,1,2,3,1,2,3,1,1,1,3,1,12,1,1,3
47,2,1,12,4,2,3,3,2,3,3,2,2,2,2,3,6,4,3,7,9,8,6,3,2,4,3,4,3,4,12,4,3,3
48,3,2,6,4,4,1,3,3,4,2,3,4,4,1,3,5,3,2,8,9,2,3,7,2,4,3,3,5,4,3,2,3,4
49,1,1,2,2,3,2,3,3,3,2,2,3,3,3,2,1,2,3,5,8,9,3,4,2,3,4,4,1,1,12,2,2,3
50,3,2,5,2,3,2,2,4,3,2,3,3,4,1,2,5,3,2,11,2,3,7,6,3,5,4,3,3,3,3,3,2,3
51,2,1,3,4,4,2,3,3,3,3,3,1,2,2,3,3,4,5,12,,,3,1,4,5,3,2,7,5,12,1,2,4
52,1,1,9,2,3,2,3,3,3,4,3,2,3,2,3,4,9,6,12,,,4,2,3,5,5,5,1,3,12,8,3,3
53,3,2,9,4,3,2,3,3,2,3,3,3,2,3,3,8,9,2,12,,,3,4,7,5,2,5,3,1,5,4,2,3
54,2,1,2,4,4,2,3,4,3,1,3,4,2,1,4,2,1,3,10,9,8,11,,,3,3,1,4,1,12,2,3,3
55,2,1,9,2,3,2,1,2,4,1,1,1,2,4,2,1,5,3,8,10,9,3,1,4,3,4,2,5,1,12,3,1,3
56,4,2,15,2,4,2,2,3,4,3,3,4,2,3,3,1,3,7,5,4,8,3,1,4,3,3,2,3,5,9,7,3,3
57,3,2,9,5,3,2,3,3,2,3,3,4,2,3,4,4,1,2,11,10,9,4,3,7,4,2,2,3,1,3,6,3,3
58,2,1,9,4,4,1,4,4,3,3,4,4,4,1,3,2,8,1,12,,,4,3,7,2,3,2,4,1,12,1,1,4
59,2,1,14,1,2,3,3,3,3,3,2,2,3,3,3,1,4,6,12,,,1,4,3,3,5,4,3,1,12,1,1,3
60,4,1,13,2,4,1,4,4,4,1,1,1,4,1,1,1,2,3,2,6,7,3,4,2,3,3,1,6,1,12,2,2,3
61,2,1,7,2,3,2,3,4,4,4,4,4,4,4,3,2,5,1,2,11,10,3,4,1,1,3,2,3,1,12,1,1,3
62,3,1,13,2,2,1,2,2,3,3,2,2,3,2,2,2,3,1,3,9,2,3,7,1,3,4,4,3,3,12,1,1,4
63,3,2,16,4,4,2,3,3,3,2,2,3,3,2,3,4,1,6,9,10,5,4,1,7,3,3,4,4,1,11,2,1,3
64,2,1,1,2,4,1,4,4,1,4,4,1,1,4,4,5,8,11,5,4,7,6,5,9,4,3,2,1,1,12,8,5,5
65,4,2,1,2,3,2,3,3,3,3,2,2,3,2,2,9,6,10,5,4,2,2,8,3,3,4,5,7,2,11,4,3,3
66,4,2,16,4,3,3,3,3,3,3,3,3,4,2,3,2,3,5,12,,,3,1,2,5,3,5,4,3,11,3,2,3
67,3,2,1,2,3,1,3,4,3,3,2,2,3,2,2,1,3,5,10,4,9,3,4,1,2,4,4,2,3,12,1,2,2
68,1,1,1,2,3,2,4,3,2,3,3,4,1,4,3,1,3,4,11,10,8,4,8,7,3,2,2,7,1,12,1,2,3
69,3,2,4,4,3,1,3,3,3,4,4,4,3,2,3,1,2,6,5,9,10,3,7,9,4,2,5,2,3,4,2,3,4
70,3,2,15,4,3,2,3,3,3,2,2,2,3,3,3,2,5,11,4,10,11,2,8,10,3,2,1,2,2,4,4,3,3
71,4,2,4,4,3,2,3,3,2,3,3,2,3,3,3,2,7,4,11,3,10,4,3,1,3,3,1,6,1,3,3,3,3
72,1,1,1,2,3,1,2,3,4,3,2,2,4,1,1,1,2,11,3,9,6,3,7,10,3,4,5,3,1,12,3,2,2
73,1,1,16,2,2,1,3,3,4,2,3,4,3,1,2,1,3,4,12,,,1,3,7,3,4,2,2,1,12,2,2,3
74,1,1,14,4,3,3,3,4,3,4,4,4,3,3,3,8,5,1,3,5,11,1,3,4,5,3,2,3,2,12,4,3,3
75,4,2,1,2,3,3,4,4,3,4,1,3,4,2,3,1,6,8,9,6,11,3,4,7,4,4,3,1,3,2,1,2,3
76,4,2,9,4,4,1,4,4,2,4,4,4,1,4,4,4,3,8,12,,,11,,,1,2,2,7,4,2,5,3,3
77,3,2,12,4,3,1,3,3,3,2,2,4,2,3,3,1,3,5,6,4,9,3,1,7,4,3,5,7,1,4,3,3,3
78,4,2,9,2,3,1,3,3,3,2,3,3,3,2,2,1,5,3,10,11,9,7,2,8,2,3,5,3,1,11,5,3,3
79,4,2,4,4,3,3,3,3,3,3,3,3,3,2,3,1,5,2,4,7,8,3,1,8,1,2,2,4,5,11,8,2,3
80,3,2,9,4,3,2,3,3,3,2,2,3,2,2,2,4,1,2,9,10,3,3,7,6,4,4,4,3,3,2,4,1,4
81,4,2,14,4,3,1,3,3,4,3,3,3,4,2,3,1,2,5,9,10,11,3,4,1,4,4,4,2,1,3,5,2,4
82,1,1,1,3,3,2,3,3,3,2,2,3,2,4,4,4,1,2,3,5,11,3,1,4,2,3,1,3,3,10,7,3,2
83,1,1,1,3,3,3,3,3,3,3,1,4,3,2,2,1,2,3,9,7,5,3,4,1,4,2,2,5,1,10,3,2,3
84,1,1,1,3,4,3,3,4,3,3,4,4,3,2,3,2,5,6,12,,,3,8,7,5,3,3,5,3,10,4,2,3
85,4,2,10,4,4,1,2,3,3,3,2,3,4,2,2,1,2,4,5,7,9,3,1,8,3,3,4,3,4,3,5,3,3
86,4,2,9,5,3,2,3,3,3,3,3,3,3,1,2,2,5,8,4,9,10,3,4,7,4,3,5,6,3,4,1,2,3
87,3,2,9,4,3,1,3,3,3,4,4,3,3,3,4,2,4,9,12,,,3,1,4,3,1,2,1,1,2,5,3,3
88,1,1,1,3,4,2,3,4,3,3,3,3,3,2,2,3,5,1,12,,,3,4,1,4,3,4,1,1,10,1,2,3
89,1,1,3,3,3,2,3,3,4,3,1,4,1,1,4,1,5,11,2,3,10,3,7,4,4,4,4,3,1,10,2,2,3
90,3,2,5,4,2,2,2,3,4,3,2,3,3,1,3,4,5,9,2,10,11,2,3,1,1,1,2,2,1,3,4,3,3
91,1,1,4,3,3,2,4,4,3,1,2,4,3,2,2,2,1,8,11,6,4,3,2,1,4,5,4,6,2,10,4,3,3
92,1,1,14,3,4,2,4,3,4,2,3,3,3,3,3,3,6,8,4,11,10,4,5,8,2,4,5,5,3,10,1,2,3
93,3,2,15,4,4,2,3,3,3,3,4,4,3,2,3,1,6,8,3,9,11,1,3,4,4,2,5,5,1,3,7,3,2
94,1,1,16,3,4,2,4,3,2,3,1,4,1,1,4,5,9,8,12,,,3,2,1,4,2,2,2,3,10,3,2,2
95,1,1,2,3,4,1,4,4,2,3,4,4,4,4,3,1,3,5,12,,,3,8,1,5,1,2,5,3,10,4,3,3
96,1,1,1,3,3,2,2,3,4,1,1,4,4,3,1,1,4,5,8,9,10,3,1,7,4,4,3,3,1,10,6,3,4
97,3,2,16,4,3,1,3,3,4,3,4,4,4,1,2,1,2,6,2,5,9,3,1,4,1,3,3,2,2,11,3,3,3
98,4,2,1,2,3,2,3,3,4,3,3,3,4,1,2,2,1,7,9,10,11,3,4,1,4,3,4,3,1,11,6,3,4
99,1,1,4,3,3,3,3,3,2,3,2,3,2,2,3,6,5,4,10,3,11,1,3,4,4,2,2,2,3,10,4,3,4
100,1,1,1,3,3,2,3,3,4,3,1,4,4,2,1,3,8,2,9,10,11,7,2,6,3,4,2,5,1,10,1,1,1
101,1,1,2,3,3,1,3,3,4,4,3,3,4,1,3,4,2,1,9,11,10,3,4,1,3,4,5,5,5,10,4,2,3
102,1,1,1,3,4,3,3,4,3,3,2,4,2,3,3,1,2,3,4,9,10,3,4,1,3,3,2,3,1,10,2,3,4
103,1,1,7,3,4,3,3,3,3,2,3,3,2,2,3,2,1,5,11,10,3,3,1,4,3,3,2,3,1,10,3,2,2
104,1,1,4,3,3,2,2,3,4,3,3,4,2,3,2,1,3,7,11,8,5,3,4,6,2,4,2,1,4,10,3,3,3
105,1,1,6,3,4,2,2,4,3,3,3,4,3,2,3,2,5,3,12,,,3,1,4,4,4,3,7,2,10,3,3,3
106,1,1,11,3,3,3,2,3,3,3,2,3,2,2,2,5,3,4,5,11,8,4,5,3,5,4,2,7,1,10,4,3,3
107,1,1,17,3,4,2,3,3,4,3,4,4,2,2,2,2,3,6,3,10,8,3,2,9,2,4,4,2,5,10,1,2,4
108,3,2,4,2,3,1,3,3,2,2,4,4,3,3,3,1,2,4,12,,,3,1,4,4,2,4,1,3,3,4,2,3
109,1,1,4,3,3,2,3,3,3,3,4,4,3,2,3,4,5,1,3,9,11,4,3,1,3,2,2,3,2,10,5,3,3
110,3,2,3,4,3,3,3,3,2,3,3,3,2,3,3,1,4,9,3,6,10,4,6,8,3,3,3,4,3,3,5,3,3
111,1,1,5,3,4,2,3,3,3,3,3,3,3,2,3,2,1,3,9,10,11,3,4,1,4,3,2,7,1,10,7,3,3
112,1,1,1,3,3,1,3,3,3,3,3,3,2,3,3,4,5,6,6,5,4,7,6,4,2,4,2,2,3,10,3,2,2
113,4,2,7,4,3,3,3,4,3,3,4,3,3,2,3,5,1,3,10,6,9,2,7,3,4,3,2,2,3,12,4,3,3
114,4,2,12,2,3,1,3,3,3,3,4,4,4,1,3,2,8,5,10,11,9,3,2,1,4,4,1,1,1,11,8,2,3
115,3,2,1,2,4,3,3,4,2,2,2,3,2,2,3,5,3,2,12,,,3,4,7,2,3,4,2,1,11,2,1,3
116,1,1,9,3,4,1,4,4,1,3,3,3,4,3,4,1,8,5,1,8,7,3,8,7,5,1,4,5,5,10,4,3,3
117,1,1,1,3,3,2,3,3,4,2,2,4,3,4,4,1,3,7,10,4,8,3,1,2,3,3,2,4,1,10,5,2,3
118,1,1,9,3,4,4,3,3,4,2,2,3,4,2,2,1,4,3,12,,,3,1,7,1,3,3,1,1,10,3,3,3
119,3,2,4,4,3,2,3,3,3,3,2,3,3,2,2,3,1,2,10,9,11,3,4,1,4,3,4,1,2,11,3,2,3
120,1,1,2,3,3,2,3,3,3,3,3,3,3,3,2,2,3,4,2,3,5,11,,,2,3,4,2,3,10,1,2,3
121,3,2,6,2,2,3,3,3,3,2,4,3,3,2,3,5,4,3,9,11,8,3,1,4,2,3,3,3,2,11,5,2,2
122,1,1,6,3,3,3,3,3,4,2,3,3,4,2,2,1,2,8,10,9,5,2,4,6,3,3,1,2,3,10,6,2,1
123,4,2,3,3,3,2,3,3,3,2,1,4,2,3,3,2,1,5,9,11,3,3,7,1,4,3,5,1,1,4,2,3,2
124,1,1,11,3,3,2,3,3,2,2,3,3,2,2,3,1,2,5,10,4,5,11,,,5,4,2,4,1,10,4,3,3
125,1,1,12,3,4,3,3,4,2,3,3,4,3,3,3,8,2,7,11,5,9,3,1,4,3,3,4,5,2,10,2,1,5
126,1,1,5,2,2,3,2,3,3,2,2,3,3,1,2,5,8,2,3,8,11,3,1,2,3,4,2,7,1,10,2,1,3
127,3,2,1,2,2,5,3,4,3,2,1,4,3,2,3,1,5,4,3,8,6,3,1,4,5,3,4,3,1,11,2,2,3
128,1,1,10,3,3,2,3,3,3,2,3,2,4,4,3,1,3,2,11,5,8,3,4,7,4,4,1,6,4,10,4,3,4
129,1,1,6,3,4,3,2,3,4,2,1,3,2,1,2,2,3,1,3,9,6,3,7,2,4,4,4,3,2,10,8,3,2
130,1,1,9,3,3,2,2,4,4,4,2,3,3,3,3,1,3,4,5,10,11,1,7,3,3,3,1,2,1,10,3,2,3
131,1,1,11,3,4,2,3,3,3,3,1,4,3,3,2,2,6,1,11,9,7,3,7,4,4,3,2,2,1,10,7,4,3
132,3,2,15,2,3,2,3,3,4,2,2,4,4,2,2,1,4,7,5,9,6,3,9,1,2,2,2,2,3,3,4,3,3
133,1,1,9,4,3,2,2,2,3,3,3,4,3,4,3,5,2,9,2,11,10,3,1,8,3,4,5,3,1,10,5,3,4
134,4,2,7,2,4,2,3,3,4,3,4,3,4,3,4,6,8,7,10,3,1,3,4,1,1,4,4,3,1,5,8,4,2
135,4,2,3,4,3,2,3,3,3,3,3,4,2,2,3,5,1,6,8,3,4,2,3,4,3,3,2,2,1,11,4,2,2
136,3,2,14,4,4,1,3,3,3,3,3,3,2,3,3,2,11,7,4,5,9,3,7,9,4,2,2,3,2,4,2,1,3
137,3,2,6,4,4,2,3,3,3,3,2,3,3,3,3,2,4,3,5,9,6,3,7,4,2,3,2,1,5,2,2,3,3
138,1,1,12,3,3,3,3,3,3,3,3,2,2,3,3,1,2,5,3,6,10,1,3,4,3,3,3,1,1,10,3,3,3
139,1,1,9,3,3,2,3,3,3,3,2,2,2,3,3,4,5,9,12,,,3,4,2,5,3,2,2,1,10,2,3,3
140,1,1,3,4,3,1,3,3,3,2,2,3,2,2,2,8,3,7,10,11,6,3,4,2,3,3,5,4,1,10,3,3,3
141,4,2,2,2,3,4,3,4,3,3,3,3,3,3,4,2,5,4,11,8,9,3,2,4,3,3,5,7,6,11,5,3,3
142,2,1,16,2,3,1,4,4,4,4,4,4,4,3,4,1,2,3,8,9,11,3,1,4,3,3,1,6,1,10,3,2,3
143,3,2,14,4,4,1,3,3,4,3,3,2,3,2,4,2,1,5,12,,,3,7,1,3,3,5,2,1,11,4,3,3
144,1,1,9,2,4,2,3,3,4,2,2,3,4,1,3,3,5,2,2,11,10,3,4,1,3,4,5,3,4,10,3,2,2
145,1,1,10,2,3,2,4,4,3,4,3,3,3,1,3,1,6,5,3,8,5,1,7,9,3,2,3,2,3,10,3,2,3
146,1,1,1,2,4,2,3,3,3,3,4,3,3,3,4,2,4,1,5,11,3,3,8,1,3,2,2,4,1,10,3,2,4
147,1,1,1,2,3,1,2,3,4,3,2,3,4,1,2,2,1,4,6,7,10,3,2,7,3,3,2,3,5,10,2,3,2
148,3,2,14,4,3,2,3,3,3,3,3,3,3,2,2,4,3,1,10,9,11,1,3,9,2,3,2,3,3,11,5,3,3
149,2,2,1,4,3,2,3,3,2,3,2,3,3,2,3,1,4,6,3,5,9,4,3,1,3,2,2,2,3,3,4,2,3
150,3,2,1,4,3,2,3,3,3,3,4,4,3,2,3,4,1,3,12,,,4,3,7,3,4,5,4,5,11,4,3,2
151,1,1,1,2,4,2,3,3,3,3,2,4,3,2,3,2,8,3,10,9,5,3,2,1,3,3,1,3,4,10,3,2,3
152,3,2,2,4,3,1,3,3,4,2,3,4,4,1,1,5,3,1,7,2,11,3,1,4,5,4,4,1,1,12,5,1,4
153,2,2,1,4,3,2,3,4,3,3,3,3,4,1,3,1,3,9,11,10,7,4,1,3,5,3,3,1,3,3,5,3,5
154,1,1,1,2,3,2,3,4,3,3,2,4,3,2,3,8,1,5,1,4,7,3,7,10,3,3,5,3,1,10,7,3,3
155,1,1,7,2,4,1,3,3,3,2,3,2,2,3,2,2,3,1,9,5,6,8,1,3,3,3,2,3,3,10,3,2,3
156,3,2,11,4,2,3,2,3,3,2,2,3,2,3,3,1,5,4,12,,,3,5,1,3,5,2,7,3,4,1,2,3
157,1,1,13,2,4,2,3,4,1,3,3,3,3,2,4,1,4,6,7,10,11,3,1,4,4,2,3,3,3,10,8,4,4
158,1,1,13,2,2,3,2,3,3,1,2,4,3,2,2,1,2,11,3,2,5,3,4,1,1,4,1,5,4,10,5,3,3
159,1,1,9,2,3,2,2,3,4,4,3,4,3,3,3,7,8,2,6,5,11,2,5,7,4,2,1,3,5,10,3,2,3
160,3,2,10,4,3,2,3,3,3,2,3,4,3,3,3,2,5,8,3,4,9,3,7,2,4,2,2,4,3,11,2,2,3
161,2,2,1,4,4,2,4,3,3,3,3,4,3,2,4,1,2,5,4,9,10,2,3,7,4,2,3,4,1,3,2,4,3
162,4,2,16,4,3,3,3,3,2,2,3,3,4,3,2,5,4,1,6,9,11,3,2,1,4,3,3,5,3,3,3,2,3
163,1,1,9,2,3,3,3,3,2,3,2,3,2,3,3,5,1,4,3,11,8,4,1,3,5,3,1,3,1,10,1,3,4
164,2,2,1,4,2,2,3,2,2,3,2,2,2,3,3,1,9,6,2,6,10,1,5,6,1,3,2,3,5,4,7,2,3
165,1,1,9,3,3,2,2,3,3,3,3,3,3,2,3,3,4,5,10,8,11,4,3,1,3,3,2,3,3,10,3,3,3
166,2,2,1,4,3,3,3,3,3,3,3,3,3,3,2,3,1,4,5,10,11,1,4,3,3,4,2,5,3,4,3,1,4
167,1,1,15,3,3,2,3,3,3,3,3,3,3,3,4,3,4,5,1,2,3,1,2,3,2,2,2,2,3,10,3,3,3
168,1,1,16,3,4,1,3,4,3,3,3,3,3,3,2,1,2,7,12,,,3,4,1,4,3,3,4,5,10,5,3,2
169,3,2,1,4,3,1,3,3,3,3,1,3,3,4,2,1,3,4,12,,,3,4,1,5,5,2,1,1,11,6,3,4
170,1,1,9,3,4,1,3,4,3,2,2,4,3,3,2,1,5,3,10,11,9,3,1,4,4,3,4,2,3,10,4,2,2
171,1,1,1,3,3,3,4,4,3,4,3,3,3,3,4,2,3,8,12,,,3,8,4,5,2,4,7,3,10,3,3,3
172,1,1,1,3,3,2,3,3,3,3,3,2,3,3,3,1,2,3,9,11,6,3,4,7,4,2,2,1,2,10,3,2,2
173,3,2,4,4,3,2,3,3,2,3,3,3,3,3,2,1,2,5,3,4,8,1,3,8,3,3,2,5,4,11,4,2,2
174,3,2,15,4,3,2,3,3,3,4,3,4,3,3,3,1,3,4,6,7,9,3,4,1,3,3,2,2,3,3,3,3,4
175,1,2,1,4,3,2,2,3,3,3,3,3,3,2,2,2,5,8,5,9,11,1,2,3,4,4,4,3,1,4,2,3,3
176,3,1,11,2,3,2,3,3,3,3,2,4,3,3,3,1,3,5,5,4,9,1,3,4,4,3,4,2,3,9,2,2,4
177,3,2,3,4,3,2,3,3,3,3,3,3,2,2,3,1,3,8,12,,,3,4,1,3,3,4,1,3,3,1,2,2
178,3,2,4,3,3,1,3,4,4,3,4,4,4,2,4,1,4,8,11,10,5,3,7,4,3,3,4,1,1,3,5,2,3
179,4,1,7,4,2,2,3,3,3,2,3,3,3,3,2,3,4,5,8,11,4,2,3,4,2,3,2,3,1,9,1,1,3
180,2,2,1,4,2,2,2,3,3,3,2,3,3,3,2,2,7,8,10,9,6,3,1,4,4,4,2,3,3,3,2,2,3
181,2,1,15,4,4,1,4,4,2,3,4,3,3,2,3,1,5,3,4,6,8,2,3,7,1,3,2,5,3,9,1,1,3
182,3,1,2,2,3,2,3,3,3,3,3,2,3,4,3,2,1,3,2,1,4,1,2,3,2,2,3,2,2,9,2,3,3
183,4,2,1,2,4,1,4,4,3,4,3,3,4,2,2,3,8,9,4,5,9,3,5,7,3,3,5,3,3,2,2,2,5
184,4,1,4,4,3,2,3,3,3,2,2,3,3,2,3,2,6,4,5,11,9,3,4,7,3,3,2,3,1,9,4,3,2
185,1,2,9,4,3,3,3,3,3,2,2,4,2,2,3,5,8,1,9,3,4,2,7,3,3,2,5,2,3,11,4,2,3
186,2,1,12,4,4,2,3,3,3,4,3,3,4,3,3,5,11,9,3,8,4,4,1,3,5,3,2,4,3,9,1,1,3
187,3,1,15,4,4,3,4,4,3,2,2,4,3,3,2,1,4,3,10,11,2,1,3,4,3,4,2,2,3,9,4,2,3
188,2,2,1,5,4,1,3,3,3,2,3,3,3,3,3,2,5,3,10,4,11,3,1,7,4,4,2,3,1,2,6,3,3
189,2,2,1,4,3,3,3,3,3,3,3,3,3,2,3,1,2,3,10,9,8,1,3,4,3,5,5,5,1,3,6,3,3
190,1,1,16,4,3,2,3,3,2,3,3,3,3,3,3,2,3,4,10,9,8,11,,,3,4,5,7,6,9,4,3,3
191,2,2,2,4,3,2,2,3,4,1,1,4,3,1,1,7,3,1,12,,,3,7,4,5,3,2,2,3,3,4,3,3
192,4,1,16,4,4,2,3,2,3,4,4,2,4,4,2,4,2,1,5,4,2,3,2,1,2,4,4,3,6,9,7,1,1
193,1,2,1,4,3,2,3,3,3,3,3,3,3,3,2,1,9,6,1,6,9,9,3,1,4,4,1,2,2,3,2,2,3
194,1,2,1,3,4,2,3,3,2,3,4,4,2,3,4,5,2,9,12,,,3,1,7,3,2,5,4,1,10,8,4,3
195,1,1,16,4,3,2,3,3,4,2,2,4,3,3,2,3,1,5,10,9,11,4,1,3,3,5,1,7,1,9,2,1,3
196,1,1,13,2,4,3,4,3,2,3,3,4,2,3,2,1,3,8,10,11,6,3,4,6,3,3,2,5,2,9,1,1,3
197,3,1,7,2,4,2,3,3,4,2,3,3,3,1,2,2,8,3,12,,,3,1,4,5,4,3,3,1,9,3,2,2
198,1,1,16,2,4,1,4,4,1,4,4,1,4,4,4,3,2,4,7,9,10,3,1,4,2,1,2,2,1,9,1,3,2
199,3,1,7,4,3,2,3,3,3,2,2,4,3,1,3,2,3,6,10,5,4,7,2,3,3,4,2,2,1,8,3,2,3
200,2,2,1,2,3,1,3,3,3,3,2,3,3,2,3,1,3,2,5,4,8,4,1,7,3,3,4,4,1,5,2,2,4
201,4,2,9,4,3,2,3,3,3,3,2,3,2,3,3,1,5,8,11,10,9,3,1,4,2,2,4,3,3,5,3,2,3
202,1,1,9,4,3,3,2,2,3,2,4,2,3,2,2,10,3,2,10,9,8,5,7,8,2,3,2,2,4,8,4,3,3
203,4,2,1,4,3,2,2,3,3,2,2,2,3,3,3,1,4,5,9,6,11,4,3,1,4,4,2,4,3,11,5,3,4
204,4,2,9,2,3,1,2,2,3,2,2,2,3,2,1,2,5,9,3,1,8,3,2,1,1,4,4,1,4,11,6,2,4
205,1,2,3,2,2,2,3,3,3,2,1,4,1,4,4,1,2,4,12,,,3,1,4,3,4,3,6,1,12,3,1,3
206,2,1,2,4,4,2,3,3,4,3,2,4,4,2,3,1,7,5,11,3,10,1,2,3,3,3,4,3,3,8,3,2,3
207,1,2,4,4,3,2,3,3,4,3,3,3,3,2,3,1,6,9,3,10,11,2,4,3,2,2,2,2,2,3,5,2,2
208,1,1,3,4,3,2,2,3,4,3,2,3,4,2,3,2,3,10,2,11,9,3,4,2,3,3,2,3,2,8,1,1,3
209,3,1,16,2,3,3,3,3,3,3,3,4,3,3,3,1,2,8,3,4,5,11,,,5,3,3,4,3,8,1,1,3
210,2,2,1,5,4,1,3,4,3,4,3,4,4,1,3,1,3,9,2,5,6,3,1,8,3,4,2,5,1,3,8,2,3
211,2,1,7,4,3,2,3,3,3,4,3,3,4,3,3,2,4,5,3,2,1,1,5,6,2,2,2,3,2,8,2,2,4
212,3,2,11,2,3,2,3,3,3,2,3,3,3,2,3,1,6,2,12,,,3,1,8,2,5,5,7,1,11,8,3,2
213,3,2,10,2,3,5,3,3,3,3,3,3,3,3,2,1,5,2,12,,,11,,,2,5,3,7,3,3,3,2,2
214,1,1,3,4,3,2,3,3,2,1,2,3,3,2,2,4,2,7,9,5,1,3,9,5,3,2,2,4,3,8,1,3,3
215,3,2,16,4,3,2,3,3,3,2,3,3,3,3,3,4,1,5,10,3,9,3,8,7,3,3,2,4,3,11,3,2,3
216,2,2,5,4,3,2,3,2,1,2,1,3,3,3,3,6,8,9,6,9,10,7,9,10,2,1,1,3,2,11,3,2,2
217,2,1,10,4,3,1,3,3,3,3,3,4,3,3,2,1,3,2,7,9,10,3,2,4,3,3,2,4,1,8,1,3,3
218,1,1,9,2,3,1,4,3,3,3,4,3,3,1,3,3,1,2,11,5,9,3,1,2,3,2,4,7,3,8,3,2,1
219,2,2,5,2,3,1,3,3,4,3,2,2,3,3,2,1,6,7,12,,,1,8,4,1,2,5,5,4,11,1,3,3
220,3,2,4,4,3,1,3,3,3,3,3,4,3,2,3,5,6,2,4,9,3,3,4,1,3,2,2,3,4,11,5,3,2
221,1,2,4,3,3,2,3,3,3,3,2,3,3,2,3,5,8,10,11,2,6,4,3,7,3,3,4,2,1,10,2,2,2
222,2,1,4,4,4,2,3,4,3,2,3,3,2,1,2,1,3,5,3,8,6,3,4,1,3,4,5,3,3,8,2,2,4
223,4,1,9,4,4,2,3,3,3,2,2,3,3,2,2,4,2,1,10,8,11,3,1,4,1,3,5,3,4,8,5,2,4
224,4,2,7,2,3,3,3,3,3,4,3,3,4,4,3,5,9,6,8,9,10,1,4,5,3,2,4,4,1,11,5,1,3
225,2,2,15,2,4,1,3,3,1,3,3,4,2,4,3,5,4,7,3,9,10,1,3,2,4,2,4,1,1,3,1,3,3
226,3,2,1,4,4,1,3,3,2,3,3,3,3,2,3,5,4,8,12,,,7,3,2,2,3,2,2,4,3,6,3,3
227,2,1,16,2,3,2,3,3,4,2,2,3,3,4,4,2,1,3,6,9,10,4,6,5,3,3,2,3,3,8,4,2,3
228,3,2,12,2,1,5,1,1,1,1,1,1,1,1,4,12,,,12,,,11,,,5,5,5,7,6,11,1,1,1
229,1,2,2,4,4,1,3,4,3,3,4,3,3,4,1,2,1,3,3,11,2,3,4,1,3,2,2,2,2,3,2,2,3
230,2,1,7,2,4,2,3,3,3,4,1,4,3,2,2,1,2,4,3,10,5,3,9,7,3,3,2,3,1,8,2,3,3
231,1,2,4,5,3,1,3,3,2,4,4,4,2,2,3,4,3,2,11,9,10,3,4,1,4,3,2,3,3,2,2,3,2
232,2,1,9,4,4,3,3,2,2,3,2,2,4,3,3,2,4,7,4,6,11,3,5,6,3,3,2,2,2,8,3,3,3
233,4,1,4,4,3,2,3,3,2,3,3,3,2,4,3,5,2,8,10,11,9,3,7,1,4,2,2,4,3,8,2,2,4
234,3,1,1,4,4,1,3,3,4,3,2,3,4,2,2,8,11,3,10,5,9,2,7,3,3,3,3,2,3,7,3,3,2
235,4,2,1,4,3,1,3,3,3,3,3,2,3,2,3,1,6,5,9,10,8,3,9,7,4,4,4,3,2,11,3,2,4
236,3,2,12,4,3,2,3,3,4,2,3,3,3,2,3,1,8,5,9,11,10,3,1,4,3,3,4,7,3,3,4,2,2
237,4,1,1,2,2,5,2,3,4,1,1,3,4,1,2,1,3,2,1,3,2,4,3,1,3,4,1,1,4,7,2,5,3
238,4,2,1,5,3,2,3,3,3,3,2,3,2,3,3,1,5,11,8,9,10,11,,,3,5,5,4,1,11,6,3,3
239,3,2,1,4,4,1,3,3,4,3,3,3,4,1,3,1,3,2,4,5,9,1,3,2,3,4,3,1,1,2,3,2,3
240,3,1,1,4,3,2,3,3,2,3,3,3,3,2,3,1,3,4,5,7,9,1,3,4,5,3,3,2,1,7,4,1,3
241,3,2,9,5,3,2,3,3,4,3,4,4,3,4,3,1,4,5,12,,,2,1,3,5,4,5,7,5,4,2,2,3
242,4,1,13,2,3,2,3,3,4,3,4,4,3,4,3,2,3,5,6,7,9,3,1,5,3,3,2,3,3,7,4,2,4
243,1,2,4,4,3,2,3,3,3,3,1,4,3,1,3,1,4,6,5,9,10,2,3,1,3,4,2,4,2,2,2,2,3
244,3,1,9,2,4,2,4,4,3,3,3,3,3,1,3,4,9,2,12,,,7,6,2,5,2,2,4,5,7,1,1,4
245,4,2,1,4,3,2,3,3,3,3,4,3,3,3,3,1,3,2,12,,,3,4,1,4,4,2,7,3,3,7,2,3
246,4,1,3,2,4,1,3,4,3,4,4,3,4,3,3,2,9,4,10,7,8,5,3,4,2,2,2,3,5,7,4,3,3
247,2,1,1,4,3,2,3,3,3,3,4,2,3,2,3,5,2,3,3,2,8,3,1,4,2,3,3,3,1,7,2,2,3
248,2,1,16,4,3,3,3,3,3,2,3,3,3,3,3,4,1,2,10,5,6,4,3,1,3,3,1,3,2,7,4,3,4
249,2,1,2,4,4,3,3,3,2,3,4,4,3,2,3,4,6,5,11,10,8,7,6,4,4,2,1,2,1,7,3,3,3
250,4,1,1,4,4,1,4,4,3,4,3,3,3,2,3,1,2,3,3,2,8,3,4,1,2,3,2,2,1,7,5,3,4
251,4,1,1,2,4,2,3,3,4,3,1,4,3,2,3,6,8,3,9,4,3,3,8,1,3,3,4,3,1,7,5,2,3
252,4,2,9,4,3,1,3,3,4,2,2,4,4,2,3,2,7,4,11,10,9,3,1,4,4,3,4,3,2,2,3,3,3
253,3,2,3,4,3,2,3,3,4,2,3,4,2,2,3,4,2,3,5,9,10,3,4,1,4,4,4,4,1,11,3,3,4
254,2,2,9,4,2,2,3,3,3,2,3,4,3,2,2,1,2,8,4,5,10,3,7,9,3,3,4,5,1,3,5,2,3
255,2,2,9,4,2,3,2,3,3,2,3,4,3,2,3,1,3,2,10,11,5,3,1,2,3,3,2,4,3,11,3,2,4
256,3,2,11,4,3,2,3,3,3,3,3,3,4,3,3,1,2,3,7,5,6,3,1,5,4,4,5,7,5,2,3,2,3
257,2,2,9,4,3,3,3,3,3,3,2,3,3,2,3,2,4,5,12,,,1,3,9,5,3,2,1,3,4,3,2,4
258,2,1,6,4,3,2,3,3,3,4,3,2,3,3,3,2,3,5,9,11,6,2,1,5,3,2,2,3,3,7,4,2,4
259,2,2,9,2,3,2,2,3,4,3,3,3,2,1,1,1,3,5,2,4,8,3,9,1,3,4,2,1,1,9,2,2,3
260,2,2,1,4,2,2,3,4,3,3,3,3,2,2,3,5,1,11,12,,,3,1,4,5,3,2,3,1,11,3,2,3
261,4,1,3,4,3,2,3,4,3,2,3,4,2,3,2,2,8,3,12,,,3,7,2,3,3,4,3,3,7,7,1,4
262,1,1,12,4,3,1,3,2,1,3,3,3,2,3,2,5,3,10,4,2,10,4,3,8,4,3,1,3,4,7,3,4,3
263,3,2,1,5,3,2,3,3,2,3,3,4,2,3,2,1,2,6,11,3,5,3,1,4,3,3,2,2,1,3,8,4,3
264,3,1,9,4,4,3,3,4,3,3,2,3,3,2,3,4,8,1,3,11,5,3,1,4,3,3,2,2,1,7,3,2,4
265,3,2,9,4,2,1,3,4,3,3,2,4,3,2,3,1,4,3,6,9,11,4,3,1,3,3,2,5,3,2,5,3,3
266,4,1,9,4,4,2,4,3,4,1,3,4,3,1,3,1,3,4,12,,,10,7,6,4,3,1,2,1,7,3,1,3
267,3,2,15,4,3,1,3,3,3,2,3,3,3,2,3,1,8,5,8,5,9,3,4,7,4,3,2,4,2,3,3,2,3
268,3,1,9,4,3,2,3,3,4,3,4,3,3,3,2,3,1,2,3,8,5,3,1,4,2,3,1,2,1,7,2,3,3
269,3,1,2,2,2,2,3,3,3,2,3,3,2,3,3,1,2,3,1,2,3,2,1,4,2,2,2,3,4,7,3,3,3
270,4,2,1,5,4,2,4,3,3,3,3,4,3,4,4,2,5,7,11,6,9,3,1,7,4,3,1,6,1,2,4,3,3
271,4,2,9,5,3,2,3,3,3,3,3,3,3,1,3,5,1,3,10,11,9,3,1,4,1,3,2,7,3,3,5,2,3
272,3,1,9,4,3,2,2,3,3,2,2,3,3,3,2,5,9,6,3,4,5,2,6,5,2,3,2,3,5,7,5,3,3
273,2,2,4,4,2,3,3,3,3,3,2,3,3,2,2,5,1,2,5,1,4,3,4,1,1,4,2,3,1,3,2,2,3
274,2,2,9,4,3,1,3,3,3,2,2,3,3,2,2,1,2,4,10,8,5,3,1,2,4,3,2,2,3,11,5,3,4
275,1,2,4,4,4,2,3,3,3,3,1,4,2,2,3,2,1,9,3,10,11,1,3,4,3,3,2,3,3,3,2,2,3
276,3,2,11,2,3,2,3,4,4,3,2,4,3,2,1,1,3,4,2,6,10,3,4,9,3,4,3,4,1,11,2,2,3
277,3,1,12,4,4,1,3,4,1,1,2,2,4,1,1,3,9,6,2,10,11,8,3,2,1,3,4,1,1,7,4,1,3
278,2,2,12,4,3,2,3,2,2,3,2,2,2,2,3,1,4,7,9,11,3,5,7,9,3,3,3,3,4,11,4,4,4
279,3,2,16,4,3,2,3,4,4,3,2,2,4,1,3,1,3,4,12,,,3,4,8,5,3,2,1,3,3,2,2,2
280,4,1,5,4,3,2,3,3,3,3,3,2,3,4,3,2,3,8,6,10,11,3,8,2,3,3,2,2,2,7,3,2,2
281,3,1,9,4,3,2,3,3,3,2,3,4,3,2,1,3,4,5,8,10,6,3,1,4,2,3,3,3,3,7,3,2,2
282,2,1,9,4,3,1,3,3,4,4,3,3,3,3,2,1,4,5,11,10,9,3,8,7,4,3,1,2,3,7,5,2,3
283,1,2,9,3,3,1,3,4,3,4,2,4,4,2,3,1,2,4,5,8,10,3,4,1,1,3,4,2,3,10,5,3,4
284,3,2,9,4,3,3,4,3,3,3,2,3,3,3,3,1,6,7,9,11,10,9,6,7,4,5,1,1,2,11,8,4,3
285,1,2,11,4,3,1,2,3,4,2,2,4,4,1,2,1,5,3,9,10,11,3,4,2,4,3,4,2,1,12,1,2,3
286,2,1,9,4,3,2,2,3,2,3,3,4,3,3,3,1,3,5,12,,,3,1,4,4,2,4,7,4,7,2,2,2
287,2,1,2,4,3,2,2,3,2,1,2,4,2,3,3,7,1,2,10,11,5,4,1,3,4,3,4,4,2,7,6,3,3
288,2,2,9,4,3,3,3,3,4,2,2,4,3,3,3,8,1,4,5,11,10,3,4,1,3,5,4,5,5,11,4,3,3
289,1,1,6,4,4,2,3,3,2,2,3,4,1,3,4,1,4,8,3,9,10,11,,,4,2,2,1,2,7,6,3,4
290,3,2,9,4,3,2,3,3,3,2,2,2,3,3,2,1,2,5,6,8,10,2,3,9,1,4,2,3,1,3,8,3,3
291,3,2,2,4,2,2,4,4,3,3,2,3,2,2,3,5,1,3,12,,,7,1,4,2,2,2,3,3,11,3,3,3
292,3,2,9,2,3,2,3,3,3,3,3,4,3,2,3,1,5,8,3,4,9,4,3,7,3,3,3,6,1,4,3,2,3
293,3,2,7,2,3,2,4,3,4,2,3,4,4,3,3,2,1,3,9,10,8,4,7,2,4,3,5,7,1,4,1,2,3
294,2,2,9,4,2,2,3,3,3,3,3,4,3,3,2,1,2,3,10,9,11,3,1,4,4,3,2,3,1,3,8,3,2
295,4,2,1,5,3,2,3,1,4,2,3,2,3,1,1,5,8,2,10,9,6,1,3,8,5,4,5,3,2,4,3,2,3
296,3,1,15,4,3,1,3,4,3,2,2,3,2,3,3,3,1,2,12,,,3,7,9,3,3,1,4,3,7,3,1,3
297,4,2,9,4,4,2,3,3,3,2,1,3,2,1,2,6,2,10,5,9,4,3,2,5,3,3,1,6,4,11,4,2,1
298,4,1,10,4,3,1,2,3,3,3,3,3,3,2,3,1,4,3,3,8,9,3,1,2,4,4,2,2,1,7,3,1,2
299,1,1,9,4,3,2,3,3,3,3,3,3,2,2,3,1,4,5,12,,,1,3,4,2,2,2,2,1,7,5,3,3
300,3,1,14,2,3,1,4,4,2,3,3,3,3,3,3,1,3,4,1,3,4,4,1,3,1,2,2,3,2,7,2,2,3
301,1,1,15,2,4,3,3,4,4,1,4,4,2,1,2,1,2,8,3,9,10,3,1,4,4,5,4,5,3,7,8,3,2
302,2,1,5,4,4,1,4,4,4,4,3,4,4,2,2,2,3,6,1,5,10,3,4,7,3,3,3,1,4,7,2,2,5
303,2,1,1,4,3,2,3,3,2,1,3,4,2,4,2,2,3,5,11,10,9,1,3,8,4,3,4,4,3,7,3,3,4
304,3,1,1,4,2,4,3,3,3,3,3,3,3,3,2,5,4,11,5,7,6,5,2,1,5,3,2,5,3,7,6,3,3
305,1,1,1,4,3,2,2,3,3,3,3,3,4,2,3,1,3,6,3,7,6,3,4,7,4,4,3,4,5,6,5,3,3
306,4,1,12,4,4,2,4,4,3,4,4,3,4,3,3,5,1,3,10,9,6,7,3,1,4,2,1,2,1,6,3,3,2
307,4,1,9,2,4,1,3,3,4,3,2,3,3,2,3,3,8,4,11,3,2,1,3,4,4,3,2,3,3,6,4,2,3
308,3,2,1,4,2,2,3,3,4,2,3,3,3,3,2,1,2,8,10,9,6,3,1,4,4,4,2,4,3,11,5,3,3
309,4,2,15,2,2,3,3,3,3,3,3,3,3,3,1,1,2,8,7,6,4,3,5,1,3,3,2,2,4,11,1,2,1
310,3,2,9,2,3,3,3,2,3,3,2,2,3,2,1,1,4,9,11,6,10,7,3,4,3,4,5,7,2,11,2,2,3
311,4,1,2,4,3,2,3,3,3,3,3,2,3,3,2,5,2,9,12,,,7,6,2,3,4,2,2,5,6,1,4,3
312,2,1,9,4,3,2,3,2,2,2,2,3,3,3,2,1,4,6,2,4,6,3,6,8,3,3,2,3,3,6,4,2,3
313,2,1,13,2,3,3,3,3,3,3,3,3,2,2,3,1,2,4,2,4,6,3,4,1,4,3,3,3,3,6,2,3,3
314,4,1,9,4,3,2,3,3,3,2,3,3,3,2,2,1,3,4,10,8,11,3,4,1,3,2,1,3,3,6,3,2,2
315,3,1,10,4,3,4,3,4,3,3,4,3,3,3,3,1,3,5,3,5,7,2,6,7,4,4,2,3,5,6,2,3,3
316,4,2,1,4,3,1,3,3,4,3,3,3,4,2,2,4,3,1,9,10,7,4,9,3,4,4,4,3,5,11,4,3,3
317,2,1,11,4,3,3,3,1,1,2,1,1,3,1,1,6,4,2,8,11,5,4,8,7,4,4,4,4,4,6,1,2,2
318,2,1,11,2,2,3,3,2,2,3,3,2,2,3,3,4,8,10,3,5,8,3,5,7,3,3,2,3,4,6,1,1,3
319,4,2,16,4,3,2,2,2,3,2,2,3,3,3,3,9,5,2,11,3,10,4,1,3,3,3,1,2,3,4,1,2,4
320,4,2,15,4,3,2,3,3,3,3,4,3,2,3,3,1,3,6,9,10,11,6,8,5,3,2,3,3,1,2,3,2,3
321,2,2,16,4,3,1,3,3,3,3,2,3,2,2,3,1,9,10,3,4,8,2,4,1,3,4,2,3,3,11,4,3,3
322,4,1,11,2,4,2,4,4,3,4,4,3,4,2,4,6,4,3,12,,,3,4,1,2,3,4,3,3,6,1,2,4
323,1,2,9,3,3,1,3,3,3,3,3,3,2,3,3,5,1,2,12,,,3,4,1,4,3,2,3,1,10,4,4,3
324,4,2,16,2,3,2,3,3,4,2,3,3,2,3,2,3,4,7,8,9,10,1,4,3,3,1,4,1,1,6,8,3,2
325,3,1,1,5,4,1,4,3,3,3,3,4,4,2,4,5,7,3,8,9,11,3,1,4,2,3,4,1,5,5,5,2,4
326,4,2,1,4,3,2,3,3,3,3,3,3,3,2,3,2,5,6,11,9,10,3,4,1,4,3,2,2,2,11,7,3,3
327,3,1,1,4,3,2,3,3,3,3,2,2,4,2,2,1,2,3,3,10,11,3,5,2,1,3,3,1,3,5,2,3,3
328,3,2,1,4,3,1,3,3,3,2,2,4,3,2,4,8,5,2,9,2,1,3,1,7,4,2,4,2,3,11,6,3,3
329,4,1,1,2,4,2,3,4,3,3,3,3,4,2,3,2,4,5,10,7,9,3,1,4,1,3,2,3,1,5,4,3,2
330,3,2,17,4,3,2,3,3,3,3,2,3,3,3,2,2,1,3,11,10,9,3,1,4,3,3,4,3,3,2,3,3,4
331,3,1,9,4,3,1,3,3,3,2,3,4,2,3,3,2,1,5,10,11,9,3,1,4,4,3,1,4,3,5,2,2,3
332,4,1,9,4,3,2,3,3,3,3,2,3,3,3,2,3,9,2,7,8,10,3,4,1,3,3,4,3,3,5,3,2,2
333,4,1,1,5,4,1,4,3,2,3,2,3,3,3,3,2,1,3,5,4,9,4,3,8,3,1,2,1,1,5,1,2,4
334,3,2,3,4,3,1,3,3,3,3,3,3,4,2,3,2,6,1,12,,,3,1,2,3,3,2,4,1,11,8,4,3
335,4,2,9,5,4,2,4,4,4,2,3,4,3,4,2,10,9,5,12,,,7,2,3,1,4,1,2,5,2,7,4,3
336,3,2,10,4,3,3,3,2,4,2,1,3,4,4,3,1,4,7,3,11,10,3,4,1,4,4,1,4,3,12,2,4,3
337,3,1,5,4,3,3,3,3,3,3,2,2,3,2,3,1,6,4,5,2,11,3,7,1,3,4,2,4,3,5,4,2,3
338,4,1,3,2,4,2,3,3,4,3,2,3,4,2,3,4,3,7,3,9,2,3,1,4,3,3,2,3,3,5,3,2,2
339,2,1,9,1,3,3,3,2,3,2,2,2,3,2,2,4,3,8,10,2,1,3,1,4,3,4,2,5,1,5,8,1,2
340,3,2,9,4,3,3,2,3,3,2,2,4,3,3,3,2,1,7,5,4,9,3,4,1,3,3,2,4,3,11,6,3,3
341,3,1,15,4,3,1,3,4,3,3,4,3,3,2,3,7,2,1,4,10,5,4,3,1,3,2,2,4,1,5,2,2,3
342,2,2,1,2,4,1,3,3,3,3,3,4,3,1,3,4,9,5,3,10,7,7,1,3,4,4,5,2,3,11,6,3,4
343,4,1,9,4,3,3,3,4,4,4,4,4,4,3,3,1,3,4,1,4,3,2,6,4,3,2,3,2,4,5,4,3,3
344,2,2,16,4,3,2,3,3,2,3,3,3,3,2,3,1,4,8,5,3,4,2,3,1,3,2,5,7,3,3,2,3,3
345,1,1,1,2,3,1,3,4,4,3,3,2,3,3,4,1,3,5,2,11,8,3,1,4,4,3,2,3,5,5,1,2,2
346,3,2,1,4,3,2,3,3,4,3,2,4,3,2,2,1,5,3,10,11,9,3,4,7,3,3,4,3,1,11,3,2,4
347,3,2,6,2,3,2,3,4,3,3,4,2,3,3,3,1,8,2,3,9,10,4,3,7,2,4,2,4,1,11,3,3,3
348,4,1,9,2,3,2,3,4,3,3,3,4,4,4,3,1,4,8,6,9,10,3,5,1,3,3,1,6,5,5,8,4,2
349,1,1,10,2,3,2,3,3,3,2,3,4,3,4,3,5,4,9,8,11,10,3,1,2,4,4,2,1,3,5,2,1,2
350,1,1,1,5,4,2,4,4,4,3,3,3,4,4,2,4,2,1,4,8,3,1,2,3,4,3,2,2,5,5,6,2,3
351,2,1,12,4,3,3,3,2,3,3,3,3,3,3,3,3,9,8,2,6,5,2,6,4,4,3,2,2,4,5,4,3,3
352,1,1,15,2,3,2,2,3,3,2,2,2,3,3,2,2,4,3,3,5,11,1,3,7,2,4,2,3,3,5,3,3,4
353,3,1,12,2,3,3,4,3,4,3,3,3,3,2,3,4,1,3,12,,,3,1,4,2,3,2,4,1,5,2,2,1
354,2,2,9,4,2,3,3,4,2,3,4,4,2,3,3,5,3,1,3,10,11,11,,,5,5,4,2,1,3,4,3,3
355,4,2,1,4,2,3,3,3,3,3,2,3,2,2,2,1,8,7,3,4,5,3,7,1,5,3,2,3,1,5,1,2,4
356,3,2,16,2,3,3,3,3,3,3,3,4,2,3,3,1,5,11,7,8,10,3,9,5,3,5,5,3,1,4,4,2,4
357,1,2,6,3,3,2,3,3,3,2,3,4,2,3,3,1,2,8,10,6,3,11,,,3,2,2,3,5,5,3,2,4
358,1,1,13,2,3,1,3,3,3,3,2,3,3,3,3,3,2,7,9,5,6,3,4,7,3,2,2,4,3,5,2,2,3
359,1,1,9,2,3,2,3,4,3,2,3,4,2,2,2,1,3,4,7,10,8,3,4,1,3,3,2,4,1,5,1,1,4
360,4,2,2,2,3,3,2,3,3,3,2,4,3,3,2,1,2,6,3,5,8,5,3,8,3,4,4,3,2,11,4,3,1
361,3,2,9,5,3,3,3,3,3,3,3,3,3,2,3,4,5,1,1,4,5,9,3,5,3,4,5,7,3,3,5,2,2
362,4,2,9,4,4,2,3,3,3,3,3,3,3,3,4,3,1,5,12,,,4,3,1,4,3,3,3,3,3,8,2,2
363,3,1,2,4,3,2,3,3,3,3,1,3,4,1,1,3,4,8,10,11,7,3,1,4,3,4,5,5,4,5,2,2,1
364,4,1,2,5,3,4,3,1,3,2,2,2,3,2,2,1,2,3,6,7,8,3,2,1,1,2,2,3,3,5,5,3,3
365,4,1,9,2,3,1,3,4,3,3,4,3,3,4,4,1,2,3,11,8,10,3,7,1,4,2,2,2,5,4,6,3,1
366,3,1,4,4,4,2,3,3,3,2,2,2,2,2,2,3,1,2,3,9,8,3,1,4,4,3,3,6,2,4,3,1,4
367,4,1,1,4,4,2,4,3,4,3,2,4,3,3,1,2,11,3,10,5,9,3,4,1,3,3,1,3,5,4,5,3,4
368,3,1,3,4,3,2,3,3,4,2,2,3,2,2,2,5,8,3,12,,,3,7,1,2,3,3,3,3,4,5,3,4
369,3,1,9,4,3,2,3,3,2,3,3,3,2,2,2,3,4,5,2,1,3,4,3,2,3,3,2,3,3,4,4,2,3
370,2,2,6,2,2,5,3,3,3,3,3,2,3,3,3,2,10,5,9,8,3,3,8,4,4,3,5,2,1,3,1,2,5
371,2,1,4,4,4,1,3,2,3,3,2,4,4,2,3,1,3,2,3,5,6,4,1,3,3,3,4,3,4,4,2,2,4
372,3,1,5,4,3,2,3,3,3,3,2,3,3,3,2,10,8,5,2,5,6,3,2,7,1,3,2,3,4,4,3,3,3
373,3,1,9,4,3,1,3,3,3,3,4,2,3,2,4,2,8,1,12,,,3,2,1,3,2,2,4,6,4,5,3,3
374,4,1,6,4,3,2,3,4,3,3,3,3,3,3,3,2,5,3,4,9,7,3,5,4,3,3,4,3,1,4,2,2,2
375,3,2,9,4,2,2,3,3,4,3,3,4,3,2,3,5,1,8,9,10,11,3,4,1,2,2,2,5,1,11,5,3,4
376,4,1,3,4,4,2,3,4,3,3,4,4,4,4,3,1,3,7,10,11,6,3,1,7,4,4,4,3,2,4,5,3,3
377,3,2,2,4,2,3,2,3,3,2,1,4,3,3,3,1,7,3,5,2,6,11,,,3,3,2,2,1,11,3,3,3
378,3,1,14,4,3,2,3,3,3,3,2,3,4,3,3,1,3,5,1,4,5,3,7,5,3,4,1,1,4,4,1,2,4
379,4,2,5,4,3,2,3,3,3,3,2,3,3,3,3,5,3,1,11,9,3,3,4,1,3,3,4,3,5,11,5,3,3
380,3,1,4,4,3,1,2,3,2,2,2,3,2,2,3,5,2,3,12,,,3,1,9,5,5,2,3,1,4,4,3,4
381,4,1,2,4,3,1,3,3,2,2,3,3,2,2,3,8,2,3,9,6,11,3,7,1,4,2,1,1,1,4,4,2,4
382,3,1,9,4,4,1,4,4,3,3,3,3,3,3,3,1,5,8,6,9,11,3,4,1,4,3,4,2,2,4,1,1,3
383,4,1,9,2,3,2,3,3,3,2,2,3,3,3,3,4,1,2,6,9,10,3,1,5,3,3,4,2,3,4,2,2,3
384,3,2,1,4,3,2,3,3,2,2,2,3,3,3,3,1,4,7,12,,,3,1,2,5,2,2,2,2,5,6,3,3
385,2,2,5,2,2,4,3,3,2,3,3,2,3,3,3,2,5,7,3,5,7,3,5,10,2,3,3,3,4,11,2,1,3
386,1,1,1,2,3,4,3,1,1,1,1,1,2,2,2,3,6,5,3,4,9,2,3,4,4,4,2,2,5,4,5,1,1
387,2,1,6,4,2,2,3,3,3,3,3,3,2,2,2,2,6,9,4,9,8,9,3,6,4,3,2,3,1,4,5,2,2
388,1,1,9,2,3,3,2,3,4,2,3,3,2,2,3,2,8,1,3,9,11,3,4,1,4,4,2,3,3,4,1,3,2
389,3,1,12,4,3,2,3,3,4,2,3,3,4,2,3,3,1,7,3,8,11,1,3,4,3,3,1,2,1,4,1,3,3
390,4,1,5,4,4,1,4,4,2,3,3,4,3,3,3,3,9,4,8,10,11,3,1,4,4,3,1,4,1,4,4,2,4
391,4,1,16,4,3,2,3,3,2,3,3,3,3,2,3,2,5,3,12,,,3,4,1,3,3,2,4,3,4,2,2,3
392,4,2,3,2,4,4,2,3,3,2,2,2,2,3,3,2,1,3,8,10,11,7,3,4,3,2,2,4,3,11,5,3,3
393,4,1,6,4,4,1,3,4,3,3,4,4,4,4,4,1,2,3,5,10,11,3,4,1,4,2,2,3,3,4,1,1,1
394,2,1,9,4,3,2,3,3,3,2,3,3,3,2,3,1,2,4,12,,,11,,,5,5,1,7,1,4,3,2,1
395,3,2,1,4,4,2,4,4,3,3,3,3,3,4,4,1,3,2,10,11,9,1,3,4,2,2,2,2,1,2,3,3,4
396,4,1,15,2,3,2,3,3,3,3,3,3,3,3,2,2,8,1,9,7,5,3,2,5,4,3,3,3,2,4,1,1,1
397,2,1,13,4,3,3,3,4,3,3,2,4,2,3,2,2,3,4,5,9,11,3,4,1,3,3,3,3,1,4,3,3,3
398,4,2,9,4,3,1,3,3,2,4,3,4,3,2,3,6,9,10,8,3,2,2,5,8,3,3,4,4,1,11,5,2,1
399,2,1,1,4,4,1,4,3,4,1,3,4,3,2,3,3,2,8,5,11,10,3,4,1,3,4,4,2,3,4,2,2,5
400,4,2,6,4,3,2,3,3,4,3,3,3,3,3,3,1,5,11,2,10,3,2,3,9,4,3,2,4,3,11,7,3,1
401,2,1,9,2,3,2,3,3,3,3,4,4,2,3,3,2,1,3,8,6,5,3,1,2,3,1,2,2,1,4,2,2,3
402,3,2,7,2,3,1,2,3,3,2,2,3,3,2,3,5,2,7,4,11,10,3,1,4,4,3,1,4,1,11,3,3,4
403,3,2,1,4,3,2,3,3,3,3,3,4,3,2,3,1,2,8,11,3,10,3,1,7,3,2,4,2,1,3,6,3,3
404,3,2,1,2,2,3,3,3,3,2,2,3,3,2,3,1,8,5,12,,,4,3,1,4,4,2,3,1,11,2,2,3
405,1,2,9,4,3,3,3,3,4,3,2,3,3,2,2,1,6,10,12,,,3,1,5,3,3,2,3,1,2,4,2,2
406,1,2,1,4,3,2,3,3,3,3,4,3,2,3,3,4,1,3,12,,,3,1,2,4,3,4,1,1,3,6,3,3
407,4,1,10,4,3,2,3,4,3,4,4,3,3,2,3,1,3,10,4,8,9,1,3,4,3,3,2,4,1,4,1,1,4
408,4,1,4,2,3,2,3,3,4,1,2,3,3,1,2,1,3,5,6,10,7,3,8,4,3,3,4,3,3,4,1,1,3
409,4,1,10,4,3,1,3,4,2,2,3,3,3,3,3,2,3,5,11,6,9,3,1,4,4,4,2,3,4,4,6,3,3
410,1,1,15,2,3,2,3,3,3,3,3,3,3,2,3,1,3,9,8,10,7,3,2,7,3,3,2,3,4,4,6,3,2
411,3,2,15,4,3,3,3,3,4,1,1,3,3,2,2,4,5,1,11,10,3,3,1,4,3,4,3,1,3,9,3,2,3
412,1,1,16,2,4,2,2,2,4,1,1,2,4,1,2,1,3,5,11,10,5,4,3,1,3,4,3,1,1,4,2,1,3
413,2,1,1,4,4,2,4,3,3,3,2,2,3,1,2,1,4,6,10,2,3,1,5,7,1,4,1,2,5,4,1,3,3
414,3,1,3,5,4,2,3,3,3,2,2,2,3,2,3,1,3,6,2,4,7,2,5,6,2,3,2,3,3,3,3,3,3
415,3,2,16,4,3,1,4,3,3,3,4,3,3,4,3,1,6,4,3,8,10,3,8,7,1,2,2,2,1,6,4,2,3
416,4,2,9,2,3,1,3,4,4,3,3,4,3,1,1,1,4,8,11,2,10,4,6,9,3,4,3,5,1,3,2,3,2
417,1,2,2,2,3,5,3,3,3,3,2,2,2,4,3,6,11,2,4,3,9,2,3,4,3,4,5,5,3,4,1,1,1
418,3,2,1,4,4,1,4,3,3,2,3,3,3,2,2,3,1,2,9,10,11,4,3,1,4,3,2,5,2,3,4,2,3
419,3,1,2,4,3,1,4,4,3,3,3,2,2,3,3,1,3,5,10,8,11,1,3,4,1,3,2,2,3,3,5,3,4
420,3,1,4,4,3,2,3,3,3,2,3,3,3,3,2,2,3,4,9,8,10,3,2,4,4,3,5,2,4,3,6,2,2
421,1,2,1,3,4,2,4,4,3,4,3,3,4,4,4,2,6,10,5,4,8,3,2,1,2,3,4,2,1,10,5,3,4
422,3,2,12,2,3,3,3,4,4,3,3,2,3,3,2,1,8,5,4,9,10,3,4,7,3,4,2,6,1,11,6,3,3
423,1,2,1,4,3,3,3,3,3,3,3,3,3,2,3,1,4,5,9,6,10,7,4,2,4,3,4,3,1,3,2,2,3
424,3,1,1,4,3,3,3,3,4,3,3,4,3,2,3,1,2,3,5,10,11,3,4,1,3,3,2,5,1,3,5,3,2
425,2,2,9,4,3,1,3,3,4,3,3,3,3,2,2,1,6,11,5,8,10,3,1,10,3,3,4,3,1,2,4,3,4
426,4,1,1,4,4,2,3,4,3,3,4,4,1,3,3,1,3,2,12,,,3,4,1,3,3,4,6,5,3,4,3,2
427,3,1,9,4,4,2,3,4,3,3,2,4,2,3,2,1,3,5,11,9,10,3,1,7,4,3,2,4,4,3,3,2,2
428,4,2,6,4,3,2,3,3,3,3,2,3,3,2,3,2,5,6,5,9,11,3,8,1,4,3,5,1,2,11,4,3,3
429,2,2,3,4,3,2,3,3,2,2,3,2,3,3,3,1,4,7,1,4,7,3,5,7,3,3,2,4,4,11,6,2,3
430,3,1,9,4,3,1,3,3,2,3,3,3,3,2,3,1,3,5,12,,,3,4,1,4,2,2,3,3,3,4,2,4
431,1,2,1,2,3,2,3,3,3,2,4,3,1,1,3,1,3,5,3,11,2,2,3,1,2,3,1,1,1,10,1,1,3
432,3,1,9,4,3,3,3,3,4,2,2,3,3,3,3,2,3,8,2,11,5,3,1,2,3,4,2,4,1,3,3,2,5
433,3,1,16,4,3,1,2,3,3,3,2,3,2,3,3,7,6,2,1,2,3,1,2,3,3,3,1,4,3,3,4,2,3
434,2,2,2,2,3,1,2,3,3,2,3,3,3,2,2,1,3,8,12,,,3,2,7,2,3,4,5,1,2,4,2,3
435,4,1,4,5,3,1,2,3,4,3,1,3,4,1,3,2,4,8,5,9,11,3,4,1,3,4,2,3,1,3,4,1,4
436,3,1,1,4,4,2,3,3,3,3,2,2,3,2,3,1,2,6,3,8,11,1,3,4,1,2,2,3,3,3,7,3,3
437,2,2,3,4,2,2,3,2,4,3,2,3,4,4,3,2,4,6,12,,,11,,,3,4,5,7,1,3,5,2,2
438,4,1,17,4,4,1,4,4,4,4,4,4,4,3,4,1,3,4,8,10,11,1,4,3,4,2,3,1,3,3,5,4,3
439,4,2,10,2,2,1,3,3,3,3,4,3,4,3,4,1,4,3,10,5,11,1,3,7,1,4,2,3,1,11,4,3,3
440,3,1,1,4,3,2,3,3,3,4,3,3,3,4,3,1,2,3,9,11,10,4,3,1,3,2,2,3,3,3,4,4,1
441,3,1,11,4,4,2,3,3,4,2,3,3,3,2,3,1,8,9,2,11,10,3,4,1,3,2,2,4,1,3,5,2,2
442,3,2,5,5,3,2,3,3,3,3,3,4,3,2,3,2,1,6,12,,,3,1,2,3,3,2,5,5,11,3,3,3
443,2,2,2,4,3,1,3,3,4,2,1,3,2,3,4,1,2,8,11,9,10,7,3,2,4,3,2,2,1,7,1,2,4
444,1,2,5,4,4,2,3,3,3,3,3,3,3,2,2,1,3,5,10,9,8,9,1,3,3,3,4,1,5,2,1,2,3
445,4,2,1,4,4,1,4,3,3,3,3,4,2,3,2,1,8,10,4,3,5,5,9,7,3,2,2,1,3,2,8,4,4
446,2,2,4,5,3,2,3,3,4,3,3,4,4,2,3,1,3,5,12,,,2,3,7,3,4,2,2,1,2,6,3,3
447,3,1,9,5,4,1,3,3,3,3,4,3,3,2,3,8,5,2,12,,,3,4,1,2,3,4,1,1,3,8,4,3
448,4,2,10,2,3,3,4,4,4,4,4,4,4,1,4,4,5,6,2,8,9,2,6,7,2,2,2,1,1,12,1,2,3
449,3,1,10,4,2,3,3,3,3,2,2,3,3,3,3,4,5,9,10,8,7,3,4,1,3,5,5,3,1,3,3,2,3
450,3,1,15,4,4,2,3,3,3,2,4,4,3,3,3,2,1,3,10,11,9,3,4,1,5,2,2,4,3,3,3,2,2
451,2,2,9,4,2,2,3,3,2,3,2,3,3,2,3,12,,,3,5,4,3,4,1,3,3,5,2,1,11,2,2,4
452,4,1,13,4,3,1,2,2,3,2,2,3,3,2,2,1,4,5,3,10,2,3,1,4,2,4,5,3,3,3,8,3,3
453,3,1,16,4,4,1,2,3,4,3,1,4,3,4,3,2,4,5,1,3,5,3,1,4,1,4,1,4,3,3,8,3,2
454,3,1,13,4,3,1,3,4,3,4,3,4,4,3,4,8,1,2,5,10,9,3,7,2,4,3,4,2,3,3,3,2,4
455,2,2,16,2,3,3,3,3,3,3,4,3,3,3,3,1,5,2,12,,,11,,,4,4,2,1,4,4,1,2,3
456,3,2,5,2,3,5,3,3,3,3,3,3,3,2,3,1,8,4,4,8,3,3,2,7,3,4,5,7,4,11,3,3,3
457,4,2,2,2,3,3,3,3,3,3,3,2,3,3,3,1,3,4,9,11,5,1,3,2,3,3,2,3,1,11,6,3,2
458,2,2,3,4,3,1,2,3,4,3,3,3,2,2,3,1,11,2,8,9,4,2,10,3,4,4,5,2,3,11,2,2,3
459,3,1,16,5,1,4,3,3,3,3,3,3,4,3,3,1,4,9,1,4,9,3,4,8,1,3,5,3,3,3,2,3,3
460,4,2,2,4,2,2,2,3,3,2,2,3,3,2,3,1,5,11,10,4,3,7,3,1,4,2,2,2,3,4,6,3,2
461,4,1,9,4,4,3,4,3,3,2,3,3,4,2,3,1,4,5,3,10,9,2,3,1,2,3,2,3,1,3,4,3,2
462,4,2,11,2,3,2,3,3,4,3,3,3,3,2,2,6,1,5,10,11,7,4,1,3,3,4,4,1,1,11,3,2,3
463,4,1,9,4,4,2,3,4,2,3,2,3,2,3,2,1,2,3,10,6,4,3,1,4,3,2,1,3,1,3,2,2,4
464,2,2,6,4,3,1,3,3,3,3,2,3,3,2,4,1,4,2,12,,,1,3,4,3,2,4,2,1,11,4,3,3
465,3,2,4,2,3,3,3,3,3,2,3,4,2,3,3,2,4,1,5,6,8,3,4,1,3,3,2,3,1,11,3,2,4
466,4,1,1,4,4,2,3,3,2,3,3,4,2,2,3,2,5,9,8,11,10,3,1,4,3,3,2,3,1,3,3,2,2
467,2,2,3,2,3,2,3,2,3,2,2,3,2,2,2,1,2,11,9,4,3,3,4,2,5,3,3,7,3,11,3,2,3
468,2,2,3,2,3,2,3,3,3,3,3,3,2,3,3,2,3,1,5,4,10,3,4,1,3,3,5,4,3,11,2,2,4
469,3,1,1,4,3,2,3,2,2,3,3,3,2,3,3,7,8,3,6,2,11,2,5,8,4,4,2,3,3,3,6,3,3
470,3,1,5,4,4,2,3,3,3,4,3,3,3,2,2,1,3,8,3,9,10,2,3,4,3,4,4,3,2,3,3,2,3
471,2,2,9,2,2,2,3,3,3,3,3,3,3,2,3,1,9,8,3,6,4,3,2,8,3,3,5,4,1,11,1,1,3
472,1,2,5,4,2,1,3,3,3,3,3,2,3,2,2,2,1,8,5,9,6,3,4,1,3,4,1,4,1,4,4,3,4
473,4,1,9,2,4,1,3,3,4,2,3,3,4,2,2,2,1,3,10,6,11,3,1,4,3,3,1,1,1,3,2,4,3
474,3,2,2,4,4,1,2,4,3,3,3,3,3,3,4,1,4,5,12,,,3,1,7,2,3,5,1,1,3,1,1,2
475,3,1,1,4,3,3,3,3,2,3,3,3,2,3,3,1,4,5,12,,,4,3,1,5,3,3,4,2,3,3,3,2
476,1,2,9,3,3,2,3,3,3,3,2,3,3,2,3,3,1,2,5,4,11,3,4,7,3,3,5,2,1,10,3,2,4
477,3,1,1,4,3,1,1,4,4,3,2,4,4,4,3,4,3,7,4,5,7,4,5,7,2,3,2,2,5,3,4,3,3
478,2,2,7,2,3,2,3,3,3,3,4,3,2,4,3,4,3,7,5,9,2,4,1,9,3,2,3,4,1,6,2,2,3
479,1,1,1,4,3,2,3,3,4,2,3,3,4,2,3,1,4,6,9,10,11,3,4,2,3,3,1,2,1,3,4,3,4
480,1,2,10,3,3,2,3,3,4,3,3,4,3,2,2,1,5,3,11,10,9,3,4,7,3,3,2,4,1,10,1,2,3
481,2,2,2,4,3,1,3,4,3,4,4,3,3,2,3,4,6,8,12,,,3,7,1,3,2,2,1,5,1,4,2,2
482,3,1,9,4,2,3,2,2,2,3,3,2,2,2,2,12,,,12,,,11,,,5,5,5,6,6,3,8,3,3
483,2,1,9,4,3,4,3,3,3,2,2,4,3,2,2,2,1,4,9,11,6,3,1,4,3,3,4,7,4,3,2,1,3
484,3,1,9,4,3,2,3,3,3,4,3,3,3,2,3,3,5,11,10,9,4,3,4,1,4,4,1,5,2,3,8,3,2
485,1,2,2,5,4,2,4,4,2,3,3,4,2,3,3,2,6,3,8,10,5,1,3,7,3,2,4,4,1,3,3,2,3
486,3,1,14,4,2,2,3,3,3,2,3,3,3,2,2,3,5,1,10,11,4,3,1,4,4,3,5,3,1,3,8,3,3
487,2,1,1,4,3,2,2,3,4,2,2,3,4,3,2,2,1,11,3,4,9,3,1,4,3,4,2,7,3,3,6,3,3
488,4,1,6,4,3,5,2,4,3,4,4,4,4,2,2,1,3,4,2,6,11,11,,,1,4,1,7,6,3,5,1,3
489,3,1,9,4,3,2,3,3,3,3,2,3,3,1,3,1,3,7,12,,,3,1,4,3,3,4,3,3,3,2,2,2
490,4,2,9,4,3,3,3,3,3,3,3,2,2,2,3,1,4,3,5,8,9,6,9,7,3,2,3,3,1,11,8,3,4
491,2,1,1,4,3,1,3,4,3,2,3,4,3,4,4,1,3,4,5,11,10,3,1,7,3,3,1,6,5,3,7,3,3
492,1,2,9,4,3,4,3,3,3,1,2,4,3,3,1,3,4,9,10,6,8,3,2,1,3,4,2,2,1,11,5,3,4
493,3,1,2,4,4,2,3,3,3,3,3,3,3,2,2,2,3,1,12,,,3,4,1,5,3,2,3,3,3,7,3,3
494,3,1,2,4,4,2,3,3,2,3,4,4,2,3,4,1,2,3,8,5,4,1,3,4,3,3,5,1,4,3,2,2,4
495,4,1,15,4,3,2,3,3,2,3,2,3,2,3,3,5,2,3,8,10,11,3,5,4,5,2,2,3,1,3,3,3,3
496,2,2,10,2,3,3,3,3,3,2,2,3,2,3,2,5,2,7,9,4,6,3,7,1,3,3,4,4,3,9,2,1,3
497,3,1,1,4,3,2,3,3,2,3,3,3,3,2,3,3,8,6,5,4,3,3,2,5,2,2,1,2,2,3,5,4,1
498,4,2,1,4,3,1,3,3,3,3,4,4,3,3,3,4,3,5,12,,,3,8,4,4,3,5,1,1,11,5,3,2
499,2,2,3,4,3,2,3,3,3,3,2,3,2,1,3,1,2,5,8,9,10,2,3,7,3,3,2,1,1,2,3,3,4
500,4,1,2,5,3,1,3,3,3,3,2,3,3,3,3,2,3,5,5,10,11,3,1,2,2,2,2,5,5,3,8,3,2
501,4,2,1,4,4,2,4,3,2,3,4,4,3,3,3,2,4,5,10,5,11,2,3,7,3,3,4,2,5,3,8,3,3
502,2,1,1,4,3,2,3,3,3,3,3,3,3,3,2,1,2,3,12,,,4,1,3,5,3,1,2,1,3,2,2,3
503,2,1,9,4,3,3,3,2,3,1,2,1,3,2,2,2,5,3,9,10,7,3,2,1,4,3,2,2,1,3,4,3,4
504,4,2,16,2,3,2,3,3,4,3,2,3,3,4,4,2,4,5,9,10,11,3,1,2,4,1,2,3,1,12,5,3,4
505,1,2,9,4,3,1,3,3,3,2,2,3,2,3,3,1,4,6,3,11,9,3,4,2,4,3,4,1,3,3,3,3,4
506,2,1,9,4,3,2,3,3,3,3,3,2,2,2,2,2,8,6,5,11,3,3,4,1,3,3,1,5,3,3,8,3,3
507,4,2,10,5,4,1,4,3,2,3,4,3,2,4,4,2,4,6,8,5,11,3,4,1,3,2,2,5,2,2,3,2,1
508,4,2,6,5,4,2,4,4,3,3,4,4,3,3,3,4,3,5,11,10,3,1,3,4,3,3,2,2,2,11,3,3,3
509,2,1,11,4,4,1,3,3,3,3,4,4,2,3,3,2,1,7,11,3,9,3,1,7,2,2,2,3,1,3,1,1,3
510,1,2,3,4,3,1,2,3,3,2,3,2,3,2,4,2,1,5,12,,,3,7,2,3,3,5,7,5,12,3,3,4
511,2,1,1,4,2,3,3,1,3,2,2,2,3,2,3,2,6,5,7,4,3,3,4,7,3,3,2,3,4,3,2,1,5
512,2,1,9,5,4,2,4,4,2,2,3,3,2,3,3,4,5,1,9,8,11,1,4,3,4,2,2,1,3,3,6,2,3
513,2,2,13,4,3,2,2,3,4,3,2,2,4,3,2,1,4,8,5,3,7,4,2,7,3,4,3,4,3,4,2,3,3
514,1,2,3,3,4,1,3,4,3,2,2,3,3,2,3,1,3,5,9,6,10,2,3,4,3,3,5,3,1,10,8,4,3
515,2,2,14,2,3,3,4,4,4,3,4,4,4,1,4,1,2,11,9,10,4,4,1,3,3,5,3,7,1,11,3,3,3
516,1,2,15,3,3,3,3,3,3,2,3,3,3,2,2,2,6,1,11,10,7,4,3,2,3,4,1,4,3,10,1,2,2
517,4,1,1,4,4,1,4,3,3,3,4,4,3,4,3,1,3,5,11,10,8,4,2,7,4,3,3,3,3,3,3,3,2
518,4,1,13,4,4,1,3,4,4,3,4,4,2,3,4,4,3,1,10,11,8,3,1,4,2,3,1,2,1,3,3,2,4
519,2,1,13,4,4,1,4,4,3,3,3,4,4,3,3,1,3,5,9,10,6,3,4,1,3,3,4,3,2,3,6,3,3
520,1,2,15,4,3,3,3,3,2,2,2,3,2,3,3,2,1,7,5,8,9,3,4,8,4,3,2,6,3,12,1,2,4
521,3,1,10,4,3,2,3,3,3,3,2,3,3,2,3,2,5,4,3,10,6,3,4,1,4,3,2,3,3,3,4,3,3
522,4,2,1,5,3,2,3,3,3,3,3,3,2,2,3,1,3,2,9,10,6,3,1,4,5,2,3,3,3,3,3,2,3
523,1,2,15,3,3,1,3,3,4,3,2,3,4,1,2,1,2,5,3,9,11,3,2,7,3,3,5,3,1,10,1,2,4
524,1,2,5,4,3,3,3,3,3,3,2,2,2,3,3,5,8,10,3,1,2,5,9,8,3,3,3,2,2,5,2,3,3
525,2,1,14,5,4,2,4,4,3,3,4,4,4,2,4,2,3,4,12,,,3,4,1,4,3,2,1,3,3,1,2,3
526,1,2,12,4,3,1,3,3,3,3,2,1,3,3,2,2,3,5,3,9,11,3,6,7,4,3,3,1,3,1,2,2,4
527,4,1,1,5,4,2,3,3,3,3,3,3,3,2,3,1,2,4,3,5,8,3,4,1,3,4,4,3,3,3,2,2,3
528,1,2,2,4,3,2,3,3,4,3,4,4,3,1,4,1,5,2,12,,,7,3,2,5,3,4,2,3,10,2,2,2
529,4,2,14,2,3,2,3,3,4,2,2,3,3,2,3,2,5,9,10,11,7,3,7,4,4,3,2,4,3,11,5,3,3
530,4,1,2,4,3,3,3,4,3,4,3,3,3,4,3,4,3,9,3,4,5,3,1,10,3,3,1,2,3,3,5,2,2
531,1,2,13,4,3,1,4,4,4,2,2,3,4,1,2,2,3,4,11,5,10,3,8,1,3,4,2,3,3,2,4,1,3
532,1,2,16,4,2,2,2,3,3,1,2,3,2,2,2,1,7,2,4,5,8,11,,,3,5,4,7,1,2,3,1,3
533,2,2,13,4,4,2,3,3,3,2,3,4,3,3,3,5,4,2,11,10,9,3,1,4,3,2,2,5,3,11,3,3,4
534,4,1,14,4,4,1,4,4,2,3,3,2,2,3,3,2,1,3,12,,,1,2,3,5,1,5,2,5,3,8,4,3
535,2,2,16,4,2,3,3,3,2,1,4,1,4,4,2,2,6,1,4,3,7,2,5,4,2,2,2,2,2,3,3,3,3
536,3,1,1,4,4,1,3,3,4,3,3,3,4,2,2,2,3,7,5,11,9,3,7,2,4,4,1,3,4,3,4,3,3
537,2,1,5,4,3,2,3,3,3,2,2,3,3,3,3,1,4,5,3,8,11,3,10,8,3,3,2,3,1,3,5,3,3
538,1,1,16,4,3,2,3,4,3,2,3,3,2,3,3,2,7,1,4,9,6,3,1,4,3,3,4,7,3,3,2,2,3
539,1,2,16,4,3,2,3,3,3,3,3,4,3,4,3,6,5,2,11,9,10,1,3,4,4,5,5,2,6,4,2,2,3
540,3,1,15,4,3,2,3,3,3,3,2,3,3,4,3,4,2,6,4,2,6,5,7,8,4,3,2,3,3,3,3,3,3
541,2,2,14,2,3,1,3,3,4,2,2,4,4,2,3,2,4,7,12,,,3,1,4,4,4,2,4,1,11,2,2,3
542,4,2,3,4,3,1,3,3,3,3,3,3,3,4,3,7,8,2,11,10,9,3,7,8,1,3,2,3,3,4,5,2,3
543,1,1,1,4,3,2,2,3,3,2,2,3,3,2,2,2,3,6,10,11,8,3,1,2,2,4,4,3,1,3,6,3,3
544,1,2,12,4,3,3,2,3,3,3,2,3,3,3,2,1,3,5,12,,,1,4,3,2,5,1,7,4,11,3,3,3
545,2,1,9,5,4,2,4,4,2,4,2,3,3,3,4,2,7,1,5,11,3,3,4,1,3,2,5,3,3,3,3,3,3
546,3,1,15,4,3,3,3,3,4,3,1,2,3,1,3,1,3,2,9,11,10,3,1,2,5,3,3,5,2,3,5,3,2
547,4,2,16,4,3,2,3,3,3,3,3,3,3,2,3,3,5,1,6,9,10,3,1,5,3,4,3,3,1,3,6,3,3
548,2,1,4,4,3,2,3,3,3,3,3,3,3,2,3,1,5,2,12,,,3,1,4,3,3,4,5,2,3,3,2,3
549,3,2,9,4,3,3,3,4,4,3,2,2,4,1,3,3,1,4,12,,,3,4,7,3,3,4,5,1,3,4,2,5
550,3,1,3,4,4,1,4,3,3,4,3,4,3,3,2,2,5,3,9,8,4,3,1,7,4,3,4,3,2,3,4,2,3
551,3,1,1,2,3,2,3,2,2,3,2,2,2,3,2,1,3,5,12,,,11,,,4,3,2,3,3,3,2,1,3
552,2,2,11,4,3,2,3,4,3,3,3,4,3,2,3,2,5,7,12,,,3,4,1,4,3,2,2,1,11,2,2,3
553,1,2,15,4,3,2,3,3,3,4,4,3,3,4,3,6,8,5,12,,,3,7,2,4,2,3,3,1,3,2,3,3
554,4,1,1,4,4,3,3,4,4,4,4,4,2,1,3,4,9,3,5,11,10,7,4,3,2,3,3,3,5,3,5,3,5
555,4,1,1,4,3,2,4,4,3,3,2,3,2,2,3,5,9,2,12,,,3,2,1,5,3,1,1,1,3,4,2,3
556,3,2,9,2,4,1,3,3,4,3,2,4,4,3,3,1,4,2,2,3,8,3,4,7,3,4,4,1,1,4,3,1,3
557,2,2,1,4,3,1,3,3,3,2,3,4,3,3,3,1,3,5,3,6,4,2,3,4,3,3,2,3,1,3,7,4,2
558,2,2,9,4,3,1,3,3,4,3,4,3,3,2,3,1,2,8,5,4,3,3,2,1,3,4,2,4,1,3,1,2,3
559,1,2,16,4,3,2,3,3,3,4,4,4,2,3,3,2,3,6,11,10,8,4,3,1,3,4,2,6,5,12,2,3,3
560,2,2,6,4,3,2,3,3,2,2,3,4,1,1,4,1,2,9,1,2,5,3,4,8,2,5,5,4,1,2,6,3,3
561,2,1,1,4,4,2,4,4,2,3,4,4,2,3,3,2,8,11,3,9,6,3,7,4,2,3,4,3,2,3,5,3,3
562,4,2,9,2,2,2,3,3,3,3,3,4,3,1,2,1,7,2,5,9,8,3,1,4,3,4,4,1,3,11,3,1,4
563,3,2,16,4,3,2,2,2,4,3,2,3,3,2,1,2,8,11,9,10,4,3,5,2,3,4,4,4,1,2,3,2,3
564,1,1,15,4,4,3,4,4,3,3,4,4,4,2,3,3,2,8,11,9,10,7,3,6,2,3,3,4,3,3,1,2,2
565,1,2,7,4,3,3,3,3,3,3,3,3,3,2,3,1,7,8,9,10,4,3,4,7,4,3,5,7,1,4,3,3,3
566,4,1,2,4,4,2,4,4,4,3,4,4,3,2,4,5,3,6,12,,,10,8,2,5,3,4,3,1,3,4,2,3
567,2,2,11,4,3,2,3,3,3,3,3,3,3,1,3,2,1,7,12,,,3,1,7,4,5,5,1,1,3,4,3,4
568,1,2,13,4,2,2,3,3,3,4,1,3,3,2,4,1,8,2,5,10,9,3,4,1,3,2,1,4,2,3,5,3,4
569,4,2,3,4,3,2,2,3,4,3,3,3,4,1,2,1,9,5,12,,,7,2,8,5,4,4,4,6,11,4,2,2
570,1,2,15,4,3,2,3,3,3,3,2,2,3,2,2,1,2,5,8,3,9,3,1,4,4,3,2,3,1,3,1,2,3
571,3,1,1,4,3,1,3,3,3,3,3,3,3,2,3,1,3,5,5,4,3,3,7,4,3,3,2,7,3,3,2,1,4
572,3,2,1,2,3,3,3,3,3,2,2,3,3,3,3,1,4,3,9,10,11,4,1,3,4,3,1,5,4,3,4,3,3
573,3,2,3,2,4,1,4,4,2,4,4,4,3,3,4,1,3,5,10,4,6,4,3,1,1,1,1,5,4,11,2,3,4
574,3,1,10,4,3,2,3,4,2,3,3,3,4,2,3,1,5,9,8,3,10,3,4,1,5,3,1,1,1,3,5,2,4
575,4,1,3,4,3,3,3,3,3,4,3,3,3,4,3,1,11,5,7,2,6,2,3,8,3,2,4,6,4,3,3,3,3
576,2,2,14,5,3,3,3,3,3,2,2,3,3,3,3,1,4,2,10,5,3,3,2,4,2,3,2,3,5,2,2,3,3
577,3,1,9,4,3,2,3,4,3,3,3,3,3,3,3,2,1,5,8,3,5,11,,,3,3,2,3,3,3,3,3,3
578,2,2,15,4,3,2,3,3,2,3,3,4,3,1,4,2,7,8,5,10,11,1,3,2,3,3,5,7,5,4,4,2,2
579,4,2,9,4,3,3,3,3,3,2,3,3,3,2,2,2,8,6,10,11,9,3,1,2,4,3,4,3,1,11,2,2,2
580,4,1,4,4,3,2,3,3,2,3,2,3,3,2,3,1,2,5,3,4,5,3,1,5,3,2,2,3,2,3,7,3,3
581,1,2,4,3,4,2,3,3,2,3,1,2,3,3,4,4,3,8,8,11,10,4,3,5,2,4,2,3,5,10,5,3,3
582,1,1,1,4,4,1,4,4,4,4,4,4,3,4,3,8,2,5,3,6,8,3,5,8,4,1,2,1,2,3,3,3,1
583,4,1,9,4,4,3,3,3,4,3,3,3,4,2,2,2,1,3,12,,,3,1,4,5,3,2,1,1,3,4,2,2
584,1,2,5,5,2,2,3,3,3,3,3,3,3,3,2,1,4,6,10,3,6,3,4,1,3,4,4,3,3,3,2,2,3
585,2,2,7,4,3,1,3,3,3,3,2,3,4,2,2,2,5,7,5,10,11,3,4,1,5,4,5,7,3,3,3,2,4
586,1,1,9,3,4,1,2,3,4,2,2,3,2,2,2,1,6,2,8,5,3,3,4,7,3,4,2,1,2,3,2,3,2
587,2,1,16,4,3,2,3,3,4,3,3,4,3,2,2,1,3,4,3,9,6,3,1,4,3,4,2,3,2,3,4,3,3
588,4,2,9,4,3,2,3,3,3,2,3,3,3,2,3,5,3,6,12,,,3,4,2,1,3,3,3,1,11,7,2,3
589,3,1,3,4,3,1,3,3,3,2,3,3,2,2,3,1,4,3,12,,,4,3,1,5,3,3,3,1,3,3,2,2
590,4,2,2,4,3,2,3,3,3,3,3,3,3,2,2,2,3,8,12,,,3,1,4,5,3,5,7,3,11,3,3,1
591,2,2,4,5,4,3,4,4,3,4,4,4,3,2,3,4,5,6,12,,,3,1,4,2,3,2,3,1,2,6,3,4
592,4,1,9,4,4,1,4,4,3,3,3,4,4,2,3,1,3,5,12,,,11,,,2,3,3,2,1,3,3,3,3
593,2,2,9,4,3,1,2,4,4,3,3,4,4,3,3,5,6,10,3,6,8,1,8,10,4,2,1,4,3,11,6,4,4
594,1,1,2,4,4,3,3,4,4,3,2,1,4,3,3,6,10,9,3,11,8,3,1,7,3,4,1,6,2,3,1,2,3
595,1,1,1,5,4,1,3,3,4,3,4,4,2,3,3,2,3,5,2,5,8,4,5,2,4,3,3,1,3,3,8,4,3
596,3,1,9,4,4,2,3,3,3,2,2,4,3,2,3,1,3,4,5,10,9,3,1,4,3,3,3,4,2,3,6,3,4
597,2,1,2,4,4,2,3,3,4,2,1,3,3,2,3,4,2,1,7,9,10,3,4,2,4,3,2,1,1,3,1,1,4
598,3,2,1,4,3,2,3,3,3,3,2,3,3,2,3,2,4,6,10,5,3,3,1,8,2,4,2,3,3,11,7,3,3
599,4,1,1,4,3,2,4,3,2,2,4,3,3,2,4,1,3,4,3,10,7,3,4,1,4,2,2,3,1,3,2,2,3
600,4,1,15,4,3,2,4,3,3,3,3,4,3,2,3,4,2,1,12,,,3,1,4,4,3,2,1,1,3,4,4,4
601,1,2,9,4,3,1,3,3,2,3,1,2,3,2,2,2,6,3,9,11,10,3,4,1,4,4,2,2,1,11,3,2,4
602,2,1,16,5,3,2,3,3,3,3,1,4,2,3,2,4,2,3,11,6,9,3,1,4,3,5,4,3,3,3,5,3,3
603,1,2,16,4,3,3,3,3,3,3,2,2,3,4,3,2,1,6,4,10,11,3,4,1,3,2,2,3,5,4,5,2,4
604,1,1,12,4,3,3,3,3,3,3,3,4,3,3,2,4,3,1,12,,,3,1,4,3,3,2,4,2,3,5,3,4
605,1,1,2,4,3,2,3,3,4,1,2,3,4,2,2,3,1,4,3,10,11,3,1,7,2,3,2,3,2,3,5,3,2
606,2,1,3,4,4,1,3,3,3,2,3,3,3,2,3,8,2,4,5,11,10,3,1,9,5,3,2,1,2,3,8,3,3
607,2,1,9,4,3,2,3,3,3,3,4,3,3,2,3,6,8,3,5,9,10,8,7,3,3,3,2,4,3,3,2,2,3
608,4,2,1,4,3,2,3,3,3,3,2,3,3,2,3,1,2,5,11,10,9,3,1,4,5,3,4,3,3,11,1,2,3
609,2,1,6,4,4,2,2,3,4,1,2,2,4,2,2,2,3,4,12,,,3,6,4,1,4,4,3,5,3,4,3,4
610,3,2,2,4,2,2,3,3,3,2,3,3,2,3,3,5,1,3,11,9,10,3,4,2,4,3,5,3,3,3,1,1,2
611,1,2,16,4,3,2,3,3,2,3,3,3,2,2,3,1,3,2,5,8,10,5,10,9,3,3,2,7,1,2,2,3,3
612,2,2,4,2,3,1,3,3,3,2,3,3,2,2,2,1,2,5,6,9,4,3,1,5,4,2,2,3,1,11,3,2,3
613,4,1,1,4,3,1,4,4,3,3,3,3,3,3,3,5,3,2,5,4,3,7,4,3,4,3,1,2,1,3,5,4,3
614,4,2,9,5,3,2,3,3,2,3,3,3,3,3,3,4,5,9,9,10,3,6,7,2,5,2,4,1,1,3,6,2,3
615,2,2,7,2,2,1,3,3,3,1,2,4,3,2,2,1,2,6,12,,,3,1,4,4,4,4,3,3,3,4,2,3
616,2,1,1,4,3,2,2,3,3,3,2,3,4,3,3,1,5,4,6,9,10,4,3,6,4,2,4,1,5,3,5,3,3
617,1,1,4,4,2,4,3,3,3,3,2,3,2,3,3,1,5,4,9,10,8,10,8,7,5,3,2,7,4,3,4,3,4
618,1,2,1,3,3,1,3,3,2,3,3,4,4,2,2,1,6,8,11,5,4,2,7,8,3,3,2,3,3,10,1,3,2
619,2,2,12,4,2,5,3,3,3,3,2,3,2,2,2,1,5,7,12,,,3,1,8,3,4,5,7,2,3,3,2,3
620,1,2,7,4,3,3,3,3,3,3,3,3,2,2,3,4,2,6,10,5,8,3,8,9,1,4,5,5,4,12,2,2,4
621,3,2,9,4,3,2,3,3,4,3,4,2,3,2,4,1,3,8,3,5,9,7,4,8,3,4,4,2,3,11,4,3,3
622,4,1,12,4,4,2,2,4,4,3,2,2,4,2,2,1,3,4,5,11,10,3,1,4,4,4,2,7,1,3,2,2,3
623,2,2,13,4,3,2,2,3,4,2,3,3,2,3,2,1,3,5,8,10,9,3,4,1,3,3,4,2,1,11,2,2,4
624,4,1,12,4,4,1,4,4,3,3,3,4,3,2,2,4,2,6,12,,,3,1,4,5,3,2,2,4,3,2,1,3
625,2,2,1,4,3,3,2,3,4,3,3,4,3,3,3,4,1,3,11,8,10,3,1,4,3,4,1,7,3,3,5,4,3
626,2,2,13,2,3,3,3,3,3,2,2,3,3,2,2,6,9,2,4,3,10,3,1,9,3,4,3,2,1,3,3,2,3
627,1,1,1,4,3,2,3,2,3,3,2,2,3,2,3,1,3,2,3,4,5,3,9,8,3,2,3,3,4,3,6,2,3
628,2,1,1,4,3,3,2,3,4,3,3,3,3,2,2,1,3,4,11,9,4,11,,,4,4,3,1,3,3,2,1,5
629,1,1,9,4,3,2,2,3,3,1,2,3,4,1,2,2,5,3,10,9,2,3,4,1,1,3,1,2,2,3,4,3,3
630,3,2,16,4,2,2,2,3,3,3,2,3,3,2,2,4,5,10,2,8,9,3,7,6,3,4,1,3,3,3,3,3,3
631,1,2,1,2,2,1,3,3,3,2,4,3,2,3,3,4,8,5,9,10,8,3,2,1,3,3,5,3,4,4,4,1,4
632,2,2,15,4,3,2,3,3,3,2,2,3,2,2,3,2,4,5,5,4,3,1,3,4,3,3,2,4,1,11,1,2,3
633,2,2,2,4,2,1,2,1,3,1,1,4,3,1,1,3,6,5,5,8,9,3,4,5,3,4,3,3,3,4,1,3,4
634,2,1,9,4,3,2,3,3,3,2,3,3,3,2,2,1,3,5,9,10,6,6,4,1,4,3,2,5,1,3,3,4,4
635,3,1,1,4,4,1,3,3,3,3,4,4,3,2,4,1,5,2,9,5,3,3,1,4,4,3,2,2,5,3,6,3,3
636,2,1,1,4,3,3,3,4,3,3,4,4,2,4,3,1,3,2,10,6,11,3,1,4,3,3,3,2,3,3,2,2,3
637,3,2,1,2,3,2,2,3,2,3,3,2,3,3,2,7,8,5,4,9,11,3,1,9,3,4,5,7,1,11,3,3,2
638,2,2,2,4,3,2,3,3,2,3,3,4,3,2,2,2,1,5,12,,,3,1,2,4,3,2,4,3,4,4,2,4
639,3,1,9,4,4,1,3,4,4,3,3,4,4,1,3,1,4,5,3,6,8,3,1,4,4,3,4,4,1,3,3,3,4
640,2,2,2,4,3,1,2,3,4,2,3,4,3,3,3,1,3,5,9,10,7,2,3,4,1,3,2,4,1,4,7,2,3
641,3,1,3,4,3,3,4,2,2,3,2,2,2,2,2,2,4,5,2,4,5,3,5,7,3,3,2,3,4,3,3,2,2
642,1,2,2,4,3,2,3,4,3,1,4,3,4,3,3,7,6,2,8,10,9,3,1,7,3,4,3,5,3,3,5,2,3
643,2,1,4,4,3,2,3,3,2,3,4,3,2,3,3,2,6,7,9,10,11,3,4,1,4,2,2,3,2,3,6,3,3
644,4,2,2,4,4,2,4,3,4,4,4,4,4,2,3,1,4,9,12,,,3,1,2,3,3,3,3,1,11,7,3,3
645,2,1,1,4,3,1,4,4,4,2,2,4,3,2,1,2,3,1,7,9,10,2,3,4,4,3,4,3,1,3,2,2,3
646,1,2,9,5,3,3,3,3,3,3,3,4,3,2,3,1,3,8,5,6,9,1,3,4,3,2,2,3,3,12,2,2,3
647,2,1,14,4,3,2,3,4,3,3,4,3,4,4,4,2,3,6,5,9,11,1,4,8,1,1,1,3,2,3,2,2,3
648,1,1,5,3,3,1,4,4,3,3,3,4,2,3,3,1,2,5,9,6,11,3,4,7,4,2,4,3,5,3,1,1,3
649,1,2,2,4,3,2,3,3,3,3,3,3,2,3,3,1,3,7,6,8,10,4,3,1,5,2,1,4,2,2,2,4,2
650,2,1,13,4,4,2,3,3,3,3,2,3,4,3,2,4,7,10,9,11,6,3,1,4,3,3,2,3,1,3,3,3,4
651,1,2,1,4,4,2,3,3,3,2,4,4,2,3,4,2,7,6,5,9,11,1,3,4,3,3,2,3,5,2,2,2,4
652,2,1,9,4,3,2,4,3,2,3,3,2,2,2,3,4,6,8,9,11,10,1,3,4,3,2,3,2,2,3,5,3,2
653,2,1,3,4,3,2,3,3,3,2,3,4,2,2,3,3,4,7,5,10,11,4,1,2,3,3,1,3,2,3,5,2,3
654,3,1,4,4,3,2,3,3,3,3,2,3,3,3,3,1,3,2,9,11,6,3,1,4,3,2,4,5,3,3,3,2,3
655,3,2,12,4,3,3,3,3,3,3,3,4,3,3,3,1,2,9,11,4,5,1,4,3,3,3,1,4,1,4,2,2,3
656,2,2,6,2,3,2,2,3,3,2,3,3,2,3,2,8,2,5,12,,,3,4,2,3,4,4,3,5,2,1,2,3
657,1,1,9,4,3,1,3,3,4,3,3,3,3,2,3,2,4,5,2,8,10,3,2,1,1,4,3,1,3,3,6,3,3
658,2,1,4,4,4,3,3,3,3,3,2,3,3,4,3,1,3,8,4,9,10,3,1,4,3,2,2,3,1,3,3,2,3
659,4,1,12,4,4,1,3,4,3,3,4,3,4,4,2,2,5,1,10,11,9,3,7,1,4,3,2,2,4,3,4,2,3
660,2,1,9,4,3,1,3,4,3,2,2,3,2,2,3,1,4,3,10,9,11,3,1,4,4,3,2,3,3,3,4,3,2
661,4,2,2,2,3,2,3,3,3,2,2,3,3,2,2,2,1,5,12,,,3,1,4,2,3,4,1,1,3,2,2,2
662,4,2,1,4,3,2,3,3,3,2,2,3,3,2,3,1,5,3,10,5,4,3,7,4,1,2,2,4,1,3,3,2,3
663,3,1,9,4,4,1,3,3,4,2,2,2,3,2,2,5,3,6,10,11,9,3,4,1,4,4,4,1,1,3,4,3,2
664,1,1,11,4,3,1,2,3,4,1,2,3,3,2,2,1,2,3,9,10,11,2,3,1,4,3,5,5,3,3,2,2,3
665,1,2,1,4,3,2,2,3,4,2,2,4,3,2,1,1,7,8,10,9,5,3,1,4,4,4,2,5,1,3,5,3,4
666,3,1,9,4,3,2,3,3,2,3,4,4,3,4,4,2,6,4,10,9,5,3,1,4,3,3,1,4,1,3,8,3,3
667,1,2,9,3,3,3,3,3,3,3,2,2,2,3,3,4,1,5,10,2,6,3,4,2,3,3,4,4,3,10,4,4,3
668,2,1,2,4,4,1,2,4,4,2,2,2,4,1,1,2,8,1,2,9,10,2,3,10,4,4,2,3,1,3,3,2,3
669,4,2,1,2,4,1,4,4,3,4,4,3,4,2,4,5,1,3,4,9,10,3,4,2,2,3,2,3,5,3,7,3,3
670,4,1,9,4,4,1,3,4,3,3,3,4,3,2,3,1,6,2,10,11,5,3,4,2,2,3,2,3,1,3,4,2,3
671,2,2,4,4,3,2,3,3,3,3,4,4,3,3,4,2,7,10,4,3,9,3,1,4,3,2,4,4,3,11,2,2,3
672,3,1,9,4,3,2,3,3,3,2,3,3,3,3,3,5,4,1,11,10,8,3,1,4,1,3,3,3,2,3,4,3,4
673,2,1,9,4,4,1,3,3,3,4,3,3,3,3,3,2,8,9,10,11,4,7,3,1,4,3,2,4,3,3,7,3,3
674,1,2,9,4,3,2,3,3,3,2,2,4,4,3,2,1,11,5,4,9,6,2,3,7,3,3,2,5,1,2,2,3,4
675,1,2,9,4,3,2,2,3,3,2,3,3,2,2,2,1,3,4,10,11,9,11,,,4,3,2,4,3,10,2,3,3
676,4,2,1,4,3,2,3,3,3,4,4,3,3,3,4,1,4,5,7,10,3,3,9,5,2,3,2,4,4,11,2,2,2
677,1,2,14,3,4,2,3,3,3,2,3,3,4,4,4,5,6,2,11,4,9,3,2,1,4,4,2,1,3,10,3,2,2
678,1,1,4,4,4,1,2,3,4,3,2,3,4,1,1,1,2,6,10,11,5,1,3,7,3,4,1,4,1,3,4,2,2
679,2,2,1,2,3,3,3,3,3,3,2,2,2,3,3,1,6,8,3,5,4,11,,,3,5,2,2,3,3,2,2,3
680,1,2,9,4,3,2,3,3,2,3,2,4,2,3,2,4,3,5,10,6,1,1,4,3,4,3,3,2,2,2,3,3,2
681,3,2,9,2,3,3,3,3,3,3,3,4,2,3,3,1,8,2,9,10,6,3,7,2,4,3,2,4,1,11,2,3,3
682,1,2,11,4,2,3,2,2,3,2,3,2,3,3,2,4,8,1,5,10,9,3,4,7,3,4,5,6,1,4,2,2,4
683,4,1,9,4,4,2,3,3,3,2,3,4,3,2,3,2,3,6,4,5,9,3,9,7,3,3,4,3,3,3,2,3,4
684,1,2,3,4,3,4,3,3,2,3,2,4,1,2,3,6,2,10,5,9,3,3,2,8,3,5,4,4,1,3,6,2,4
685,4,2,1,4,3,2,3,3,3,2,3,3,2,3,3,2,5,8,10,11,9,11,,,4,3,2,4,4,3,8,2,5
686,2,2,9,4,2,2,2,3,3,2,2,3,3,2,2,4,1,2,9,10,5,3,4,1,3,4,5,3,1,3,3,3,3
687,3,2,9,2,3,1,3,3,3,2,2,3,4,1,3,1,2,6,5,9,11,3,1,7,4,3,5,2,1,11,3,3,3
688,1,1,5,4,4,2,3,4,3,3,4,3,3,3,3,1,6,2,10,9,4,3,7,9,2,2,2,4,4,3,4,3,3
689,2,1,9,4,4,3,3,3,3,3,2,3,4,2,2,2,3,8,12,,,3,4,7,5,3,1,2,3,3,4,2,4
690,4,1,9,4,4,1,4,3,4,2,2,2,3,3,4,4,6,1,11,10,9,1,4,3,2,2,1,3,4,3,4,2,1
691,2,2,1,2,2,2,3,3,4,2,3,3,4,2,2,5,3,1,6,2,9,3,4,1,5,4,5,7,4,4,3,2,3
692,4,2,2,4,3,1,4,3,3,3,1,4,3,2,3,1,5,9,11,10,9,3,2,1,2,2,2,3,3,2,4,3,3
693,4,2,9,2,3,1,3,4,4,3,4,3,4,2,3,1,5,3,3,9,10,3,7,4,4,4,1,1,1,11,3,1,3
694,1,2,12,4,4,1,4,4,3,3,2,3,3,2,2,1,4,5,2,4,6,3,4,6,1,3,2,2,4,11,2,2,3
695,4,2,5,4,3,2,2,3,4,2,3,4,2,4,2,1,5,7,4,10,2,1,4,3,3,4,2,5,1,2,1,2,2
696,1,2,2,4,2,1,2,2,4,2,1,1,4,1,1,1,2,5,3,4,8,3,1,4,3,4,5,7,3,3,1,2,3
697,2,2,11,4,3,1,2,3,4,3,2,4,3,4,2,1,5,3,10,8,7,3,7,4,4,3,2,2,3,11,2,2,3
698,2,1,12,4,3,2,3,3,3,3,3,3,3,2,2,2,3,5,12,,,3,1,4,1,4,1,4,3,3,3,3,2
699,1,1,9,5,3,2,3,3,3,2,2,3,3,2,3,1,3,5,8,10,11,3,4,7,5,4,2,2,1,3,3,2,2
700,2,1,2,4,3,3,3,3,2,2,3,3,3,3,3,3,1,2,2,3,5,3,2,1,4,3,2,2,4,3,2,2,2
701,1,2,9,4,3,1,3,3,3,2,2,4,2,3,2,1,5,7,8,10,4,3,4,1,3,3,5,4,3,10,3,1,3
702,4,1,4,4,3,2,4,3,3,4,3,4,2,2,2,5,2,3,4,3,9,3,1,5,3,3,4,4,3,3,6,3,4
703,4,2,9,2,4,1,3,3,4,2,3,4,3,3,2,1,3,4,10,8,11,3,7,1,2,3,4,2,3,11,7,2,3
704,4,1,16,4,3,2,3,3,3,2,4,2,3,2,3,4,8,1,4,3,5,1,3,4,2,3,1,2,3,3,4,3,4
705,2,1,12,4,3,2,2,3,4,2,3,2,4,3,3,2,3,8,10,9,5,3,7,4,5,3,4,2,4,3,4,3,2
706,2,1,4,4,4,2,3,3,3,2,3,4,2,3,2,1,4,9,5,6,10,1,3,4,3,4,3,6,1,3,3,2,4
707,2,1,14,4,4,2,2,3,1,3,3,4,4,2,3,1,4,5,7,8,9,3,4,2,4,3,3,1,1,3,5,4,2
708,4,1,16,5,4,1,3,3,3,2,2,3,3,3,2,2,1,3,12,,,3,1,2,3,2,4,3,3,3,5,4,3
709,2,1,9,4,3,2,3,3,3,3,2,4,3,2,2,4,2,7,8,9,11,3,1,4,3,3,4,3,2,3,2,2,3
710,4,1,13,2,3,2,3,3,3,3,2,3,3,2,3,1,2,6,11,5,4,3,4,1,3,3,4,3,3,3,5,2,3
711,3,1,14,2,4,1,4,3,4,4,3,4,3,4,3,2,3,5,4,3,2,4,3,2,2,3,2,3,3,3,5,3,3
712,2,1,9,2,3,2,3,3,3,3,3,3,4,3,4,1,2,3,12,,,3,1,4,4,2,2,3,1,3,3,3,4
713,2,2,1,4,2,3,3,4,3,2,3,3,2,4,3,5,4,9,10,9,4,3,1,6,3,2,4,6,5,3,6,3,3
714,3,1,2,2,4,2,3,4,4,4,3,3,3,4,4,8,5,4,7,2,9,3,2,6,1,2,3,3,3,3,4,3,3
715,3,1,1,2,3,1,3,3,3,3,2,3,3,2,3,4,5,3,9,10,5,3,1,4,2,3,2,4,1,3,5,3,2
716,3,1,11,2,3,2,3,3,2,2,2,3,2,2,3,3,4,2,10,5,6,3,1,7,3,3,4,1,1,3,2,2,4
717,4,2,15,4,3,2,3,4,3,3,3,4,4,2,3,1,8,2,9,5,11,3,2,4,4,3,3,2,1,11,2,1,3
718,3,2,14,4,3,1,3,3,4,3,3,3,4,2,3,5,2,9,12,,,3,1,7,3,3,2,2,1,11,3,3,2
719,2,2,4,4,2,2,3,3,2,2,2,2,3,2,3,1,2,3,5,8,11,3,1,2,3,2,3,4,1,5,8,3,2
720,4,2,6,2,4,1,4,4,4,3,3,3,3,3,3,4,5,3,1,3,7,3,1,4,3,3,4,5,1,11,5,3,3
721,1,2,2,4,3,2,3,3,3,2,3,3,2,2,3,1,3,7,12,,,1,4,3,5,3,5,2,3,10,3,4,4
722,3,2,9,2,2,2,2,3,3,2,3,3,2,2,3,1,4,9,10,11,5,4,3,1,3,3,2,1,3,3,5,2,2
723,1,1,7,2,3,2,3,3,2,3,2,3,3,3,3,1,3,4,3,5,9,3,4,7,3,2,2,4,1,3,4,2,4
724,1,2,13,4,3,2,3,3,4,2,3,4,4,3,3,1,2,7,5,10,4,3,2,1,3,3,3,2,5,3,7,3,4
725,3,2,9,4,3,3,3,3,3,3,2,3,3,2,3,2,5,9,12,,,3,1,4,5,3,2,2,2,11,5,2,2
726,1,2,16,5,2,2,3,3,3,3,3,3,4,3,3,2,1,8,5,4,10,5,4,3,3,3,4,4,5,4,7,4,4
727,2,1,16,2,4,1,3,3,3,2,3,4,3,2,2,3,1,5,12,,,3,1,7,2,3,2,2,1,3,2,3,4
728,2,1,1,2,3,1,2,3,3,3,2,3,3,3,2,1,2,3,12,,,2,3,7,1,4,2,3,1,3,3,3,4
729,1,1,3,2,4,3,4,4,3,4,4,4,4,2,4,1,3,4,9,5,11,3,4,8,4,2,2,5,2,3,2,3,2
730,2,1,15,2,4,1,3,4,3,2,2,4,3,1,1,4,9,3,10,11,6,3,1,4,3,3,2,1,4,3,3,2,3
731,2,1,1,2,3,2,3,3,4,2,3,3,3,3,2,1,3,4,10,9,11,3,4,1,4,4,2,3,3,3,2,3,2
732,1,1,1,2,3,2,3,3,3,3,3,4,2,4,3,2,4,3,11,10,9,3,4,1,1,3,3,3,1,3,1,2,4
733,4,2,9,4,4,3,3,3,2,2,3,3,3,3,3,1,2,5,5,11,9,3,1,4,4,3,3,3,1,2,4,2,2
734,2,1,9,2,3,2,3,4,4,4,2,4,4,1,3,1,7,3,5,9,11,1,2,3,3,4,2,3,3,3,2,2,5
735,1,1,9,2,4,1,3,4,3,3,3,4,3,4,4,1,2,5,9,10,8,3,1,8,4,3,2,4,3,3,2,3,1
736,1,2,9,4,3,3,4,4,3,4,4,4,3,4,4,1,8,6,4,5,9,3,1,7,3,2,2,4,3,3,2,1,5
737,2,2,2,1,1,5,3,3,3,3,2,4,3,3,3,1,3,4,5,9,10,2,4,3,4,5,5,7,1,11,1,1,3
738,2,1,5,2,2,5,4,4,3,2,2,3,2,2,2,5,1,8,3,11,9,11,,,3,5,5,7,6,3,4,3,4
739,3,2,9,4,3,1,2,4,4,3,2,3,4,1,2,2,1,3,11,5,10,3,7,2,1,4,3,1,3,2,4,2,3
740,1,1,9,4,3,2,3,3,3,2,2,3,3,2,2,9,7,1,3,5,10,3,1,7,3,3,4,3,1,3,3,2,3
741,1,2,10,4,3,2,3,3,3,3,2,3,3,3,4,1,2,5,6,7,3,1,3,4,4,3,3,4,1,12,4,2,3
742,1,2,1,4,3,2,3,3,3,3,3,3,2,3,3,1,3,4,12,,,3,4,2,4,3,4,2,1,4,3,2,3
743,1,1,15,4,3,2,3,4,3,3,2,2,4,4,4,2,5,3,12,,,3,1,4,5,3,1,4,1,3,2,1,1
744,1,2,3,4,3,2,3,3,3,3,3,3,3,2,3,5,10,9,4,3,8,5,8,3,3,3,5,4,1,3,3,3,3
745,1,1,9,4,3,4,3,3,2,3,2,2,3,3,2,1,3,4,1,3,4,1,2,3,2,4,3,4,5,3,5,1,2
746,1,1,1,4,3,2,3,3,3,3,2,3,2,3,3,1,7,8,3,9,6,3,4,5,4,2,2,7,1,3,4,2,3
747,1,2,1,4,3,3,4,3,4,4,4,2,3,2,4,5,1,11,12,,,3,8,2,3,3,3,1,1,2,5,4,2
748,1,2,13,4,3,2,3,3,3,3,4,4,3,2,4,1,8,5,9,10,11,7,8,2,4,2,4,1,5,2,2,3,3
749,2,2,9,4,4,2,3,3,4,4,4,4,3,2,3,1,2,4,9,10,11,1,3,4,4,3,4,5,1,3,3,3,4
750,4,2,13,5,2,4,2,3,3,3,2,3,3,3,3,6,9,11,4,5,7,9,10,8,4,2,5,7,6,11,3,3,4
751,1,1,1,3,3,2,3,3,4,3,3,3,2,3,3,2,6,5,3,5,7,2,7,5,2,3,3,3,5,3,2,3,3
752,1,1,1,5,4,1,2,3,4,2,2,3,4,3,2,1,2,3,11,9,3,3,1,7,5,4,4,3,5,3,2,2,3
753,2,1,1,4,3,2,3,3,4,3,3,2,4,2,2,3,1,8,3,10,2,3,1,4,5,3,3,2,1,3,3,2,3
754,2,2,16,4,2,1,4,4,2,4,4,2,2,2,3,1,4,6,10,9,8,3,1,7,3,5,2,2,1,4,2,1,1
755,4,1,1,4,3,2,3,3,3,2,3,3,3,2,3,3,2,9,2,3,4,3,4,1,2,2,4,3,1,3,3,3,3
756,4,1,1,4,3,1,3,3,3,3,3,3,2,2,3,5,4,2,12,,,3,1,4,3,2,2,3,1,3,6,3,3
757,1,2,7,4,4,2,3,4,4,4,3,4,3,3,3,8,6,3,10,9,4,3,4,2,4,2,2,2,2,12,2,3,3
758,1,2,2,3,2,2,3,3,3,3,2,3,2,2,2,5,6,3,3,10,2,3,4,1,3,4,2,2,1,10,3,2,3
759,4,2,9,4,3,3,3,3,2,3,1,4,3,3,3,4,5,3,8,11,7,3,1,4,2,5,1,4,2,11,3,2,1
760,1,2,1,4,2,3,3,3,4,2,3,2,3,3,2,2,8,11,3,5,9,3,4,2,3,4,4,4,1,12,4,3,3
761,4,1,9,4,3,1,3,3,2,3,3,2,3,3,3,2,1,4,12,,,3,1,4,4,2,1,2,2,3,6,3,2
762,4,1,1,5,3,1,2,3,3,4,3,3,3,3,3,1,3,4,6,10,3,2,1,5,3,4,2,1,3,2,1,1,1
763,3,1,9,2,4,1,3,4,2,3,4,4,3,3,4,1,4,3,5,9,10,3,1,4,3,2,1,2,2,2,4,2,2
764,4,1,4,2,3,1,3,3,3,3,4,4,4,1,3,1,3,5,1,3,5,4,1,3,1,3,2,5,1,2,2,2,2
765,4,1,11,4,3,1,3,3,2,3,2,3,2,3,3,2,1,3,2,1,3,3,4,1,3,2,4,4,2,2,5,2,2
766,3,1,1,5,3,2,3,4,3,3,3,4,3,3,3,2,4,3,12,,,1,3,4,4,3,5,3,3,2,6,5,3
767,3,1,6,5,3,1,4,3,3,3,3,3,2,3,3,5,3,2,10,9,11,3,1,4,4,3,4,4,5,2,3,3,4
768,2,2,1,4,4,1,4,3,3,4,4,2,3,3,4,10,3,1,9,5,4,2,7,6,3,2,2,3,1,3,3,4,2
769,2,2,4,4,3,3,3,3,4,2,2,3,1,3,3,1,3,7,12,,,11,,,3,5,2,5,3,3,8,4,3
770,4,2,2,4,3,2,2,3,4,2,3,3,3,2,2,1,2,7,5,4,9,1,4,3,3,3,2,2,2,5,4,1,3
771,3,1,9,4,4,1,3,3,3,2,3,2,3,3,2,1,8,3,11,10,9,7,8,3,3,3,3,3,3,2,2,2,4
772,3,1,6,5,4,2,3,3,3,4,3,4,3,4,3,2,5,1,11,10,9,3,1,4,4,2,4,3,3,2,6,4,3
773,4,1,1,5,4,2,4,3,2,3,4,4,3,3,4,2,4,3,11,10,5,3,7,1,3,1,1,3,5,2,8,4,4
774,2,2,9,4,3,2,2,3,3,2,2,3,3,2,3,3,9,1,5,10,11,11,,,3,4,5,2,2,3,4,2,3
775,3,1,4,4,4,1,2,3,3,3,3,3,3,2,3,5,10,8,3,5,6,2,8,3,3,4,2,2,2,2,4,2,3
776,3,1,1,4,4,1,4,3,4,2,2,2,3,2,2,1,3,5,9,10,6,3,4,1,4,4,2,5,3,2,3,2,1
777,3,1,2,5,3,2,2,3,2,3,3,3,3,2,2,12,,,10,6,8,8,2,3,3,4,1,7,3,2,8,3,2
778,4,1,9,5,3,2,3,4,2,3,4,3,3,4,4,1,4,5,3,5,8,3,4,1,2,2,1,2,2,2,3,2,1
779,4,1,15,4,4,2,4,4,3,4,4,3,4,2,3,2,5,4,11,8,9,3,1,4,3,3,5,2,3,2,4,2,3
780,2,1,1,4,3,4,3,4,4,3,3,4,3,4,4,1,3,2,3,8,6,3,4,1,3,4,2,2,1,2,5,3,4
781,2,1,1,4,3,2,3,3,3,3,2,3,3,4,2,1,7,2,9,10,11,1,4,8,4,5,2,7,2,2,3,1,3
782,2,1,1,4,2,2,3,3,3,2,3,3,3,2,3,5,3,6,8,5,6,3,4,1,3,3,3,3,2,2,5,3,2
783,4,1,14,4,4,1,3,3,2,2,3,1,3,2,3,1,3,4,11,10,9,3,6,2,3,3,2,2,3,2,4,2,4
784,4,2,11,4,4,2,4,3,3,3,3,3,3,1,4,1,2,4,5,9,11,3,4,2,3,3,1,5,3,3,6,3,3
785,2,2,1,2,3,1,3,3,3,2,2,3,3,2,2,1,7,9,12,,,11,,,3,3,5,1,3,3,1,2,3
786,2,2,17,4,3,1,2,3,3,3,3,3,2,3,3,1,8,2,10,5,9,3,4,1,4,3,2,4,6,11,1,3,4
787,1,2,1,4,3,2,3,3,4,3,1,4,3,2,3,1,2,5,3,7,6,3,4,7,4,4,2,4,4,3,8,3,4
788,4,1,14,4,3,1,3,3,4,3,2,4,4,3,3,3,5,2,11,10,9,3,1,4,2,3,4,4,1,2,3,3,3
789,1,2,1,4,3,2,3,3,4,3,2,2,3,2,2,1,5,2,11,6,9,7,3,1,3,3,3,1,3,3,5,2,3
790,2,2,9,4,3,1,3,3,4,4,3,3,3,3,3,1,2,4,5,9,10,7,3,4,3,3,4,3,5,11,4,3,3
791,3,1,1,2,3,2,3,3,3,3,3,3,4,4,4,1,3,5,1,3,5,3,4,1,4,3,2,2,2,2,4,2,3
792,4,1,14,5,3,1,3,3,4,2,3,3,4,2,2,3,1,2,11,10,9,3,4,1,2,4,4,3,1,2,7,4,3
793,2,1,1,4,4,3,3,4,3,4,4,4,3,3,4,1,3,8,3,5,9,3,4,1,4,2,1,7,2,2,5,2,4
794,1,1,1,4,4,2,3,3,3,2,3,3,2,3,3,2,1,5,5,9,4,3,7,8,3,3,2,3,3,2,3,2,4
795,1,2,1,3,2,2,3,3,3,2,3,4,2,1,3,1,2,7,9,11,10,3,1,2,4,3,4,2,3,10,2,2,3
796,2,1,9,4,3,3,2,3,4,3,2,4,3,2,3,1,6,8,3,10,2,1,3,7,3,4,5,6,5,2,5,2,3
797,1,1,12,4,3,3,3,3,2,3,3,3,2,3,3,11,6,1,3,5,4,9,3,1,3,2,4,1,5,2,1,2,3
798,2,2,1,4,3,3,3,3,3,3,2,3,3,3,3,1,11,2,5,9,3,3,4,7,4,4,3,2,1,2,3,2,3
799,4,1,3,4,4,2,4,3,2,3,4,3,2,3,3,1,3,5,6,10,7,4,3,1,2,2,2,4,1,2,5,3,1
800,2,2,1,4,3,3,3,3,4,1,2,4,3,2,2,2,1,3,4,5,6,3,7,1,4,4,2,2,1,3,2,1,4
801,2,1,4,4,3,1,2,3,4,2,1,4,3,3,2,3,2,5,12,,,3,1,4,5,3,2,6,1,2,2,2,4
802,2,2,9,5,3,2,3,3,3,2,2,4,3,3,3,1,4,7,5,4,11,3,4,1,4,3,5,5,4,2,7,4,3
803,3,1,17,2,3,2,3,4,3,3,3,2,3,2,3,5,3,2,8,9,7,3,1,8,3,3,2,3,2,2,4,2,3
804,3,1,9,5,3,2,4,4,4,4,2,4,4,1,2,1,3,4,10,4,7,3,1,2,1,4,2,2,1,2,8,3,2
805,2,2,9,4,3,1,2,3,4,3,3,3,3,1,2,2,1,3,8,11,10,4,1,3,3,4,4,5,1,11,5,3,3
806,1,2,3,4,3,2,3,3,3,2,2,3,2,2,3,1,8,11,4,5,6,4,3,9,3,2,2,4,2,2,2,3,3
807,1,2,14,4,3,2,3,3,3,3,3,4,3,3,3,3,8,6,9,10,7,4,3,1,3,5,5,7,1,12,1,2,3
808,4,1,1,4,4,2,3,4,4,3,3,4,2,4,3,2,3,1,10,11,9,3,4,1,4,3,1,5,1,2,8,3,2
809,2,1,1,4,3,2,3,2,3,3,3,2,2,3,2,1,3,5,6,5,7,5,4,10,1,1,2,3,3,2,4,3,3
810,2,1,1,5,3,1,2,3,3,2,2,3,3,2,3,1,2,5,12,,,3,1,2,4,5,4,4,2,2,4,3,2
811,1,2,9,3,3,2,3,3,3,3,2,3,2,3,3,3,5,1,6,9,4,3,1,4,4,3,2,2,5,10,3,1,5
812,2,2,9,4,2,2,3,3,3,2,3,2,3,2,2,1,2,3,5,8,4,3,1,4,3,3,2,1,5,2,4,2,3
813,2,1,1,5,4,1,4,4,3,4,2,3,3,3,3,1,5,9,10,5,3,3,7,2,3,3,2,2,1,2,4,3,3
814,4,2,9,2,3,1,4,4,3,3,3,3,3,2,3,1,5,3,9,10,6,1,3,4,2,3,2,2,1,3,4,3,3
815,1,2,16,3,3,2,3,3,3,2,2,3,3,3,2,1,5,2,11,9,10,3,1,7,4,3,2,5,1,10,5,3,3
816,3,1,1,4,2,3,3,3,3,3,3,3,3,2,2,1,3,5,12,,,1,2,3,5,5,5,7,1,2,3,3,3
817,3,2,9,4,3,2,2,2,3,2,1,3,2,2,2,1,6,7,5,4,3,3,8,1,3,4,4,3,3,11,4,2,3
818,3,2,13,4,2,3,1,2,4,1,2,4,4,2,3,4,1,2,10,8,9,1,3,4,3,4,1,2,4,12,1,2,2
819,3,1,1,4,4,1,4,4,3,3,4,4,2,1,2,1,6,9,3,5,8,2,3,4,3,3,2,4,1,2,5,3,3
820,4,1,9,2,3,2,3,3,4,3,3,4,3,1,1,1,3,4,10,11,2,1,4,7,1,4,4,1,1,2,2,1,3
821,4,2,4,2,2,5,3,3,3,3,3,2,3,2,3,1,7,8,12,,,1,3,7,1,2,4,2,1,8,1,2,3
822,1,2,9,3,3,5,2,3,3,2,2,3,3,2,3,1,2,3,10,9,11,3,7,4,3,4,5,5,1,10,3,3,3
823,2,1,9,4,3,1,3,3,3,2,2,3,3,3,3,1,3,4,8,9,11,3,1,4,3,3,2,1,2,2,3,3,3
824,2,2,10,4,4,1,4,4,3,3,3,4,2,3,4,5,4,3,12,,,3,4,1,1,5,5,7,3,4,5,3,3
825,2,2,9,2,3,2,2,2,3,3,2,2,3,3,2,1,3,4,6,9,10,3,7,9,3,3,2,5,3,11,2,3,3
826,4,2,9,5,3,2,3,3,4,3,2,3,3,2,2,2,3,6,11,3,1,3,4,1,4,3,2,5,3,3,4,2,2
827,2,2,1,4,3,2,3,3,4,3,3,3,4,2,3,2,1,5,9,10,11,3,4,1,4,2,2,1,1,3,8,3,3
828,3,2,9,2,4,3,3,3,4,4,3,4,4,1,1,1,5,2,3,4,11,3,4,1,4,4,3,1,3,11,4,1,5
829,1,1,3,5,4,1,4,3,4,3,3,2,3,3,2,1,5,6,1,4,6,3,5,8,1,3,1,2,3,2,3,1,1
830,1,2,9,2,3,2,3,3,3,2,2,3,2,3,3,2,5,4,5,8,11,3,1,4,3,2,2,3,3,3,5,3,2
831,4,2,17,4,3,3,3,3,2,3,3,4,3,3,3,3,4,1,9,10,6,1,3,4,4,3,2,5,3,5,8,3,3
832,2,1,10,5,3,4,3,3,2,2,1,1,1,3,2,2,8,3,5,3,10,3,2,1,3,3,5,4,2,2,8,3,3
833,1,2,1,4,2,2,3,3,3,3,2,3,2,2,3,1,5,6,12,,,3,4,7,4,3,5,2,1,3,3,2,3
834,1,2,9,3,2,2,3,3,3,3,2,3,3,3,3,2,1,5,9,11,4,3,4,5,5,5,5,7,3,3,4,2,3
835,4,1,16,4,4,1,4,4,4,3,2,3,3,4,3,1,2,3,3,2,10,1,3,6,3,3,1,2,1,2,4,3,3
836,2,1,16,5,3,1,2,2,3,2,3,3,3,2,3,3,2,7,12,,,3,2,7,4,3,2,5,5,2,7,3,2
837,2,1,15,4,4,1,4,4,4,3,2,4,2,3,2,4,8,3,5,9,10,3,4,1,4,3,2,3,1,2,2,2,3
838,1,2,1,2,1,4,2,3,4,2,2,3,2,2,2,6,11,10,7,11,2,8,4,5,3,2,5,6,4,12,1,2,2
839,1,2,12,4,3,1,2,3,4,2,1,3,4,2,3,2,5,8,11,5,3,11,,,5,4,2,1,1,10,1,2,3
840,3,1,9,4,3,2,3,3,3,3,3,3,2,3,4,1,3,2,5,10,11,3,1,4,4,3,5,3,3,2,8,4,2
841,2,1,10,5,4,1,2,4,4,2,1,4,4,2,2,2,3,4,3,9,8,3,4,7,3,4,1,1,1,2,2,1,4
842,1,1,4,4,3,3,3,3,3,2,2,3,3,3,4,2,5,4,3,9,8,3,1,7,3,4,1,3,3,2,4,3,2
843,1,1,9,4,3,2,3,3,3,2,2,4,2,4,2,3,4,8,5,6,10,3,8,4,3,4,1,7,4,2,2,2,3
844,2,2,15,3,3,2,3,3,3,3,2,3,3,3,3,2,4,5,5,10,11,3,7,4,5,2,2,1,2,3,4,2,4
845,4,2,3,4,4,2,3,4,4,4,3,2,3,2,2,2,4,6,11,3,5,3,4,7,3,4,2,2,1,4,4,2,3
846,1,2,9,5,3,2,3,3,3,2,2,3,3,3,3,2,8,5,12,,,3,1,4,3,3,4,4,4,10,5,2,4
847,1,2,9,4,3,1,2,2,3,1,1,3,3,3,2,4,3,6,12,,,3,4,2,3,3,5,1,3,12,2,2,3
848,1,1,10,5,4,2,3,3,3,3,3,4,3,4,3,4,3,6,9,11,10,4,3,1,4,2,2,3,1,2,1,3,2
849,1,1,14,5,2,3,3,3,3,2,2,3,3,2,1,2,1,6,5,11,10,3,4,6,3,4,5,7,1,2,4,2,4
850,4,2,15,2,3,3,4,4,3,3,3,4,3,4,4,1,6,8,3,4,10,1,3,7,3,4,4,5,3,11,1,1,3
851,4,2,3,4,3,3,3,3,3,3,4,4,3,3,3,1,4,2,11,9,10,3,4,1,4,3,2,3,3,11,4,3,3
852,1,2,9,2,3,3,3,3,4,3,3,3,3,3,3,2,6,9,2,4,10,3,1,2,3,4,5,7,6,3,5,3,3
853,4,2,2,2,3,1,3,3,3,2,4,4,2,3,3,7,8,6,5,11,10,1,3,2,3,3,4,2,2,11,5,3,3
854,4,1,9,4,4,2,3,3,3,2,3,3,4,2,1,3,1,2,8,6,9,3,2,1,4,3,2,4,1,2,8,3,1
855,2,2,10,2,3,2,3,3,3,3,2,3,3,3,3,1,2,4,9,8,5,3,1,5,3,4,3,3,3,4,2,1,4
856,1,1,2,2,3,1,3,4,3,3,4,4,4,4,4,2,1,3,3,9,5,3,4,1,3,4,3,7,2,2,2,1,3
857,2,2,9,2,3,4,3,3,3,3,2,2,3,3,2,1,6,9,5,8,10,8,9,7,3,3,2,4,4,11,1,1,3
858,2,2,12,2,3,2,3,3,3,2,4,3,3,3,4,1,4,2,5,9,10,3,1,4,3,2,2,7,3,1,2,2,1
859,2,1,3,5,4,1,3,4,3,3,1,4,3,3,3,8,2,1,11,9,3,4,3,2,4,2,4,2,3,2,2,2,3
860,1,1,9,2,4,1,4,4,1,4,2,2,4,3,4,6,10,2,2,4,3,2,6,5,3,3,2,5,4,2,3,2,2
861,1,2,9,2,3,2,3,3,3,2,1,4,3,4,3,1,6,7,3,9,4,3,1,7,4,3,3,1,5,12,1,2,3
862,3,2,9,2,2,3,3,4,4,3,3,3,4,3,4,4,1,8,1,6,8,3,8,9,1,2,5,1,1,11,3,3,3
863,4,2,11,2,3,1,3,3,3,3,2,3,3,2,2,1,3,2,11,8,9,1,3,4,4,3,2,2,1,11,2,1,4
864,1,2,1,2,2,2,3,3,4,3,1,4,4,1,2,1,9,3,5,11,8,1,4,7,3,4,2,3,3,3,5,3,3
865,1,2,6,2,2,2,3,3,3,4,3,4,3,4,4,1,2,6,4,7,9,3,4,7,3,3,2,1,3,11,2,1,3
866,2,2,15,2,2,1,3,3,3,4,2,3,3,2,3,1,3,5,9,10,11,1,4,8,3,4,1,1,1,3,1,1,3
867,1,2,6,2,3,1,3,3,4,2,2,4,3,3,3,1,7,8,3,9,10,1,3,4,4,2,2,3,1,4,2,3,3
868,2,1,3,5,4,1,4,4,3,3,4,4,4,1,3,2,3,4,12,,,3,4,7,4,3,1,6,1,2,1,2,3
869,3,2,9,2,3,2,3,3,3,3,3,2,3,3,3,9,7,4,3,8,2,2,6,7,5,5,2,3,5,11,4,2,3
870,4,1,12,4,3,3,3,3,2,2,3,3,3,3,2,3,9,7,5,8,11,3,1,2,3,2,2,2,3,2,3,3,2
871,4,2,9,2,3,2,3,3,2,3,3,3,3,3,3,1,11,5,6,9,3,2,7,3,3,4,5,7,1,11,1,2,3
872,1,2,1,2,3,2,3,3,4,3,3,2,4,3,2,6,9,10,3,5,4,3,7,2,3,1,5,1,2,3,2,1,2
873,3,2,14,2,3,1,3,3,3,2,2,3,3,4,1,1,2,5,1,4,3,3,4,1,1,3,1,5,3,3,4,2,4
874,4,2,12,2,3,3,2,3,4,3,2,4,4,2,3,1,5,4,3,11,2,3,1,4,5,5,1,7,3,7,3,2,4
875,3,2,13,2,3,2,3,3,3,4,3,2,3,3,2,1,2,3,3,9,10,4,3,1,4,4,4,3,1,11,5,3,4
876,4,1,9,5,3,3,3,3,3,2,4,3,3,2,2,4,3,8,10,11,7,3,2,1,3,4,2,7,3,2,4,3,3
877,1,1,9,4,4,2,4,4,3,2,4,4,4,4,3,1,2,3,10,11,2,3,4,1,5,3,2,2,2,2,2,2,3
878,2,1,9,4,4,2,3,3,3,2,2,4,3,2,4,1,4,5,8,5,3,3,4,1,3,3,4,3,3,2,3,3,3
879,4,1,9,4,4,2,3,4,3,2,2,2,3,2,3,1,3,11,3,10,5,3,7,6,3,3,2,3,1,2,6,3,2
880,4,1,10,4,3,2,3,3,3,3,3,4,3,3,2,6,10,5,12,,,3,8,1,3,3,1,1,1,2,5,3,4
881,4,2,11,2,2,3,3,3,3,3,3,3,3,2,2,4,3,1,6,7,8,3,5,7,4,3,2,3,2,4,2,2,2
882,1,2,14,2,3,1,3,3,3,3,3,3,3,2,3,5,1,7,11,3,10,7,4,3,4,2,4,6,3,11,6,3,3
883,4,2,12,2,4,2,3,4,3,3,3,3,3,3,3,5,3,2,11,10,7,3,2,4,4,3,2,2,2,7,2,2,3
884,1,2,14,2,3,2,3,3,3,3,3,3,2,2,3,1,3,2,12,,,3,1,7,3,3,4,3,5,11,2,2,3
885,2,2,9,2,3,1,2,3,3,2,2,3,3,2,2,1,4,5,3,5,9,3,4,2,3,4,1,3,3,11,2,2,3
886,4,1,16,4,3,2,3,3,3,2,3,3,3,3,3,2,4,3,10,9,11,3,4,1,4,3,2,4,3,2,6,4,4
887,2,1,15,5,3,1,4,4,3,3,3,4,3,4,4,4,3,2,5,10,11,1,3,4,3,3,4,1,4,2,4,3,4
888,4,2,13,2,3,1,4,4,2,3,3,3,4,2,3,1,3,2,11,3,5,7,6,3,3,2,5,2,3,3,4,2,3
889,2,2,1,2,3,3,3,3,1,1,1,3,2,3,4,2,1,8,11,9,10,3,4,7,4,1,1,6,1,3,8,3,3
890,4,2,12,2,4,3,4,3,3,3,2,4,2,2,3,1,2,8,5,11,10,3,7,1,3,3,2,3,1,11,3,4,4
891,2,1,9,2,3,2,3,4,3,3,3,3,2,2,3,2,8,11,10,9,5,3,8,1,4,3,4,1,4,2,3,2,4
892,2,1,1,2,3,2,3,3,3,3,4,3,4,3,3,3,2,5,12,,,3,1,4,3,4,2,2,3,2,4,2,2
893,1,1,9,2,4,2,3,3,3,2,3,4,3,3,3,4,1,2,4,7,5,4,7,8,3,3,2,3,2,2,1,2,2
894,3,2,3,2,2,2,2,3,3,3,3,4,3,2,3,1,4,5,11,10,3,4,3,1,5,5,2,1,3,3,3,2,3
895,4,2,14,2,3,4,2,2,3,2,2,3,2,2,2,1,2,7,4,5,9,4,3,1,3,4,3,2,4,3,6,2,3
896,1,1,4,4,4,1,4,4,3,3,3,3,3,3,3,1,6,5,8,9,11,11,,,3,4,2,3,1,2,2,1,3
897,4,2,14,2,4,2,4,3,4,3,2,2,4,2,2,4,5,6,5,6,7,1,3,4,4,4,2,4,4,4,2,3,3
898,2,1,4,4,4,2,4,4,3,3,2,4,3,3,4,2,4,3,9,5,6,3,4,1,2,2,2,4,2,2,4,3,4
899,4,1,1,5,3,2,2,3,3,2,3,4,2,3,3,1,2,9,5,8,10,6,7,9,3,3,1,3,6,2,8,3,4
900,4,2,4,2,3,2,4,4,3,3,2,4,2,3,4,2,6,9,11,4,7,3,4,1,1,3,5,1,1,3,8,4,4
901,1,2,11,1,4,2,4,4,4,4,4,4,4,1,4,1,2,4,1,4,5,1,3,4,4,3,5,7,1,10,1,2,3
902,2,2,1,2,3,2,3,3,4,3,2,3,3,3,3,1,3,8,5,10,11,3,1,2,3,5,3,2,3,2,8,4,2
903,3,1,1,4,4,3,3,4,3,2,2,3,3,3,4,1,5,3,12,,,1,3,4,4,3,4,3,3,1,2,2,4
904,3,1,6,4,4,2,3,4,3,3,2,2,3,2,3,1,6,5,2,3,7,3,2,1,1,3,2,2,1,1,6,3,4
905,4,1,9,4,3,3,3,3,2,3,3,3,3,3,3,2,5,9,8,10,11,3,2,1,2,5,2,3,1,1,5,3,3
906,3,1,1,4,4,1,3,3,3,2,1,4,2,2,3,1,2,8,3,9,10,3,1,4,2,3,2,4,3,1,8,3,3
907,4,1,11,4,3,4,3,3,1,2,2,3,2,3,3,2,5,3,9,11,10,3,1,4,3,3,4,1,2,1,3,2,3
908,1,2,17,2,3,3,2,2,3,2,2,3,3,3,2,1,3,5,10,7,6,3,4,1,3,4,5,4,3,7,2,3,3
909,3,1,13,5,4,2,3,4,4,2,2,2,4,2,4,5,1,3,5,8,4,1,5,8,3,1,2,4,5,1,5,2,3
910,1,2,9,2,3,1,3,4,3,2,3,4,3,2,2,2,3,6,10,11,9,3,1,4,4,3,4,1,2,10,4,3,3
911,2,2,1,2,2,1,4,4,3,2,1,3,3,1,4,2,11,7,3,10,9,3,1,2,4,4,1,5,3,11,3,3,4
912,4,2,16,2,3,2,3,3,3,3,3,3,2,3,3,1,4,5,10,11,3,3,4,1,1,3,2,5,1,11,5,3,3
913,3,1,7,4,4,2,3,4,3,3,4,2,3,3,4,1,5,3,3,2,10,3,1,4,4,2,1,4,5,1,2,2,3
914,2,2,1,2,3,2,2,3,4,1,1,2,4,3,2,1,2,3,12,,,3,4,1,3,4,4,3,3,2,2,3,4
915,4,1,2,4,4,3,4,4,3,3,4,4,3,3,4,1,3,5,12,,,2,3,7,5,2,2,2,3,1,6,2,3
916,1,2,1,2,3,1,3,3,4,2,4,4,3,3,4,2,4,9,10,5,8,3,2,7,3,2,2,1,5,10,6,3,4
917,4,1,1,4,3,2,3,3,3,2,2,3,2,3,3,5,3,1,4,7,6,3,4,1,4,3,2,7,4,1,8,3,2
918,1,2,1,2,4,2,3,3,3,3,2,3,2,3,2,1,2,4,5,11,9,3,4,1,4,3,2,4,3,3,5,3,4
919,4,1,2,5,4,2,3,3,3,2,2,3,3,3,3,2,5,4,11,10,5,3,5,2,4,3,2,4,3,1,7,3,3
920,2,2,15,2,2,2,2,3,3,3,4,3,2,4,4,1,4,6,1,5,6,2,5,9,3,3,3,3,4,11,2,3,4
921,4,1,1,4,3,1,3,4,3,3,2,3,3,3,3,2,4,1,8,9,10,3,4,6,3,4,2,2,1,1,8,4,4
922,4,2,5,2,3,2,3,3,2,3,3,4,3,3,3,3,1,6,3,4,6,3,9,7,2,2,2,3,3,3,6,4,3
923,2,2,9,2,3,3,3,3,3,2,3,3,2,3,3,5,1,2,7,10,9,3,4,1,1,3,2,2,1,11,4,3,3
924,3,1,1,4,3,2,3,3,3,2,2,3,3,3,2,1,3,4,11,10,6,1,3,4,4,5,2,7,1,1,5,3,2
925,3,1,4,4,4,1,3,4,3,3,3,4,2,4,3,1,2,3,10,11,5,3,1,4,3,3,4,4,1,1,4,2,5
926,1,2,1,2,4,2,4,4,3,3,2,2,2,3,3,4,6,10,3,4,5,3,4,5,3,3,1,2,4,5,4,2,1
927,2,2,16,2,3,3,3,3,3,3,3,3,3,3,2,1,8,10,1,4,10,1,3,8,4,3,3,4,3,11,2,2,3
928,4,2,4,1,3,1,2,3,4,2,3,3,4,3,3,1,3,4,5,6,9,6,5,9,4,4,5,7,1,11,2,2,2
929,2,2,1,2,4,2,3,4,3,2,2,4,3,3,2,8,1,4,2,9,11,3,1,4,4,4,4,3,2,11,3,2,2
930,1,2,9,2,2,2,3,3,3,3,3,3,3,3,2,1,2,3,4,5,6,2,3,6,2,2,1,1,3,3,1,2,2
931,4,1,1,4,4,2,3,4,3,2,4,3,3,1,3,3,1,2,9,10,11,3,1,2,4,2,1,3,1,1,8,3,3
932,2,2,12,2,3,1,3,3,3,3,2,2,3,2,2,1,5,4,5,3,8,3,2,8,3,4,5,2,4,5,4,3,4
933,4,1,1,4,4,2,3,3,3,2,2,4,3,2,3,1,3,8,5,9,11,3,4,1,3,3,2,2,1,1,4,3,4
934,4,1,6,4,3,4,2,3,4,2,3,4,3,1,2,2,3,6,2,3,9,3,4,1,1,4,4,3,2,1,5,3,4
935,1,2,9,2,2,1,3,3,4,2,2,3,3,2,3,2,3,4,11,10,5,3,1,2,3,3,2,4,3,10,4,3,4
936,2,2,9,2,3,2,4,4,3,4,4,4,3,2,3,2,6,1,10,3,11,3,1,8,3,2,2,5,5,2,5,4,3
937,3,1,4,4,3,3,3,3,3,4,4,3,3,2,3,1,7,4,12,,,1,3,4,3,3,1,3,3,1,4,3,3
938,3,1,3,5,3,2,3,4,3,3,3,3,3,2,3,2,3,8,12,,,3,1,4,2,3,2,4,1,1,8,3,3
939,3,1,1,4,3,2,3,4,3,3,3,3,4,2,3,1,2,5,9,10,11,3,1,4,4,3,4,2,3,1,6,3,3
940,4,2,4,2,4,1,4,4,2,3,4,3,4,2,3,2,8,10,4,5,1,3,1,7,3,2,4,4,4,3,5,4,4
941,1,2,1,2,2,3,2,3,3,3,4,4,2,3,3,2,1,3,12,,,3,2,1,3,3,1,4,3,3,4,3,3
942,1,2,1,2,2,2,3,3,3,2,2,4,3,2,2,1,3,2,5,11,10,3,4,1,3,3,2,3,3,10,1,1,3
943,4,1,11,4,3,1,3,3,3,3,2,2,2,2,3,1,4,5,3,7,11,2,3,1,1,3,1,4,4,1,4,2,4
944,3,2,17,2,3,1,3,3,3,4,4,3,3,2,3,1,4,9,12,,,11,,,3,2,1,3,4,11,3,3,4
945,2,2,9,2,3,2,3,3,3,3,3,4,4,3,3,1,2,3,9,10,11,3,7,6,4,3,5,2,2,3,5,3,3
946,2,1,1,2,3,1,3,4,4,2,2,4,4,2,3,3,4,5,8,10,11,3,1,4,4,4,5,3,2,1,3,2,3
947,2,1,1,5,4,3,4,4,3,3,4,4,4,4,3,1,4,9,12,,,7,2,3,5,3,2,3,2,1,4,3,5
948,2,1,2,4,3,2,3,3,3,3,3,3,3,3,4,3,2,5,6,10,9,3,1,4,4,3,3,2,1,1,5,3,3
949,3,2,9,2,4,1,4,3,3,3,4,4,3,2,4,4,5,6,12,,,4,3,1,5,5,5,7,6,11,1,1,3
950,3,2,9,2,3,1,2,3,3,2,3,3,4,2,2,1,2,3,12,,,3,4,2,3,4,5,2,3,4,4,2,2
951,1,2,1,2,3,3,2,3,3,3,2,3,3,2,2,5,9,1,7,11,8,3,5,7,4,3,4,3,3,9,1,2,3
952,1,2,9,2,3,1,3,4,3,2,3,4,2,4,3,1,4,7,8,10,6,3,1,7,4,3,2,7,1,3,5,3,3
953,3,2,9,2,3,3,3,3,3,3,3,3,3,2,3,1,3,4,12,,,3,1,2,3,3,2,3,3,3,4,3,2
954,2,2,9,2,4,3,3,2,3,4,1,3,3,4,2,5,3,8,11,9,4,7,4,3,3,4,4,3,2,4,1,2,4
955,2,2,9,2,3,2,3,3,3,3,4,4,3,2,3,2,1,7,2,7,8,3,1,4,3,3,1,5,5,11,5,2,3
956,1,2,9,2,3,3,3,3,3,3,2,4,2,3,2,5,1,2,9,10,6,3,4,1,4,3,2,3,3,10,2,2,2
957,1,2,1,2,2,2,2,3,4,2,2,3,3,1,1,2,1,11,10,11,3,3,7,2,4,4,5,3,1,10,2,2,3
958,4,2,15,2,3,2,3,3,3,2,3,4,2,2,3,1,5,9,3,10,8,3,4,1,4,3,1,3,3,11,3,3,3
959,2,1,1,4,3,2,3,2,3,3,2,3,1,2,3,1,2,3,3,11,10,3,4,1,3,4,2,3,1,1,6,4,3
960,4,1,2,4,4,1,4,4,4,3,3,4,4,4,3,2,1,3,3,1,2,2,3,1,1,2,2,2,2,1,8,3,4
961,4,1,15,4,4,2,3,3,3,3,4,3,3,2,3,5,2,4,3,9,8,3,4,1,4,3,2,3,2,1,4,3,2
962,3,1,9,4,3,2,3,3,3,3,3,3,3,2,3,5,3,1,5,3,1,11,,,2,5,2,3,1,1,5,3,3
963,2,2,9,2,4,1,3,3,4,2,3,3,4,2,2,2,7,6,9,11,10,3,4,1,4,4,3,1,1,3,5,2,4
964,3,1,9,4,4,1,2,3,4,2,3,3,4,3,1,1,3,9,5,11,10,3,1,4,3,4,1,1,3,1,8,4,1
965,2,2,9,2,3,2,2,3,3,2,2,3,3,2,2,1,5,3,11,10,2,3,1,4,1,4,4,1,4,11,4,3,3
966,1,2,6,2,3,2,2,3,3,3,3,3,3,2,2,1,3,4,5,2,11,3,2,4,3,3,4,2,1,4,6,1,4
967,4,1,9,4,4,1,4,4,3,3,4,3,3,2,3,2,3,1,12,,,3,1,4,4,3,4,3,5,1,7,2,3
968,1,2,9,2,3,1,3,3,4,2,2,2,4,2,3,5,4,8,12,,,3,1,4,3,3,5,1,2,10,1,1,2
969,4,1,16,5,3,2,3,3,4,3,3,4,3,2,3,3,2,1,10,11,5,4,3,1,3,3,1,2,3,1,8,3,3
970,4,1,1,2,3,1,3,3,2,3,3,3,2,3,3,5,3,9,9,4,1,1,3,5,3,2,2,3,2,1,5,3,2
971,1,2,9,2,4,2,1,3,4,1,1,2,4,2,1,3,1,8,11,6,9,3,10,2,4,4,4,2,3,2,2,3,4
972,2,2,1,2,3,1,4,4,3,4,2,4,3,3,3,5,4,1,3,7,8,3,1,2,2,2,2,6,1,5,4,1,4
973,1,1,2,4,3,2,4,3,3,2,3,3,3,2,3,1,2,3,3,11,10,3,1,4,4,3,1,2,1,1,6,3,4
974,4,1,9,4,3,2,3,3,3,3,3,3,3,2,2,1,3,5,9,11,4,3,4,1,4,2,2,2,3,1,8,3,3
975,4,2,9,2,3,1,3,4,3,3,3,4,3,4,3,4,1,8,12,,,4,10,9,4,4,1,5,5,10,1,1,3
976,2,2,9,2,3,2,3,3,3,3,3,3,3,4,3,2,3,5,5,8,10,3,1,8,3,3,4,5,1,9,1,1,1
977,2,2,9,2,3,1,3,3,4,3,2,2,4,3,3,4,3,2,6,9,10,5,7,6,4,4,2,1,3,11,4,2,4
978,4,2,12,2,3,2,2,3,4,1,3,4,3,3,3,1,4,2,5,3,9,3,4,1,3,3,3,1,1,11,1,1,2
979,3,1,16,4,4,2,3,3,3,4,4,3,3,4,3,5,3,8,3,2,1,5,2,1,2,3,2,3,2,1,7,4,2
980,2,1,9,2,3,3,3,3,3,2,2,4,2,4,2,1,2,3,4,5,9,3,7,1,1,4,4,1,5,1,2,2,3
981,4,2,13,2,3,2,3,4,4,4,4,3,4,2,2,1,2,5,12,,,3,1,4,5,3,4,4,1,7,5,2,2
982,2,1,9,4,4,1,3,4,3,3,2,3,3,3,2,3,1,8,9,10,11,3,1,4,4,3,2,2,3,1,8,2,3
983,4,1,1,5,4,2,3,4,4,3,3,4,4,4,4,5,3,4,4,5,3,3,2,1,3,2,2,4,1,1,8,3,3
984,3,1,16,4,3,2,3,3,3,4,3,3,4,3,3,4,1,2,5,9,6,3,6,4,3,3,2,5,2,1,4,3,3
985,4,1,7,4,3,2,3,3,3,2,2,3,3,3,2,5,3,1,10,11,6,3,8,2,2,3,2,4,3,1,8,2,3
986,4,2,13,2,3,2,3,3,4,3,2,3,3,4,2,1,7,5,12,,,4,5,3,3,2,3,1,1,3,2,2,3
987,4,1,14,5,3,2,3,3,3,3,3,3,4,3,3,1,3,4,4,6,10,1,3,4,3,3,2,4,3,1,7,3,3
988,4,1,9,4,4,1,3,3,3,2,2,4,2,3,3,2,3,1,9,8,10,3,4,1,4,4,4,2,3,1,4,2,2
989,4,1,5,4,4,2,4,3,3,4,2,4,3,3,3,3,4,1,12,,,3,1,2,3,2,1,2,1,1,8,2,4
990,3,1,6,4,4,1,3,3,2,2,3,3,2,2,2,2,3,5,1,4,6,2,4,6,3,2,1,2,3,1,6,4,5
991,1,1,15,5,3,1,3,3,3,2,2,2,4,2,2,8,3,2,1,4,5,3,7,2,5,4,2,3,4,1,3,2,4
992,4,1,9,4,3,1,3,3,3,3,3,4,3,2,3,4,6,9,12,,,3,4,1,3,2,2,7,1,1,5,3,1
993,2,2,16,4,3,3,3,3,3,3,2,4,3,4,3,6,7,10,3,9,4,3,2,8,3,3,4,3,1,3,5,3,3
994,2,2,16,2,3,2,3,4,3,3,3,3,2,3,3,1,3,5,8,7,9,3,4,2,4,2,2,1,3,12,2,2,3
995,4,1,2,4,3,1,4,3,2,3,3,3,3,2,3,1,5,3,4,7,9,4,3,1,4,2,4,3,2,1,5,3,3
996,1,2,4,3,3,2,3,3,4,3,3,4,3,2,2,1,5,7,9,4,5,2,4,7,4,3,2,3,3,10,2,1,3
997,1,2,4,4,4,2,4,3,2,2,1,4,4,2,4,1,6,4,9,10,11,3,2,1,1,2,2,2,2,3,6,2,2
998,2,2,5,4,3,1,2,2,4,1,1,4,3,1,3,2,1,8,2,7,5,3,7,2,3,4,5,1,3,12,1,2,4
999,4,2,15,2,3,1,3,3,4,3,3,2,3,3,3,2,1,7,5,9,6,3,1,4,3,1,2,7,1,4,8,2,2
1000,4,2,16,2,3,3,3,3,3,3,2,3,4,2,3,2,5,11,12,,,3,7,1,4,2,2,2,3,5,2,2,2
1001,3,1,9,5,3,2,3,3,3,3,3,3,3,3,2,2,5,3,2,5,9,3,7,1,1,3,3,3,3,1,5,3,2
1002,2,1,6,4,3,3,3,3,4,3,2,3,4,4,4,8,2,6,10,11,4,4,1,3,3,3,2,2,5,1,8,4,4
1003,2,1,17,4,3,2,4,4,3,4,4,2,2,3,3,2,3,4,3,5,2,3,4,1,2,3,2,3,1,1,3,3,2
1004,3,1,9,4,4,2,2,4,4,3,3,4,3,1,2,1,3,5,3,8,5,4,3,1,1,4,2,3,2,1,2,2,2
1005,2,1,9,5,4,2,4,4,3,4,4,2,3,3,3,2,1,3,12,,,3,1,5,5,3,4,4,3,1,6,3,1
1006,4,1,1,4,4,2,3,3,3,3,4,4,3,3,3,3,4,1,3,5,9,3,1,4,3,2,2,5,4,1,8,4,3
1007,2,1,1,4,3,2,3,3,3,4,4,3,3,3,3,1,2,3,1,2,3,1,2,3,1,1,1,1,1,1,5,3,3
1008,1,2,9,4,3,1,3,3,4,2,4,4,4,2,1,1,8,3,5,4,11,3,7,4,3,4,2,3,3,3,1,2,4
1009,1,2,1,3,3,2,2,3,4,2,2,3,3,2,2,1,6,7,4,10,11,1,4,8,4,4,5,3,3,10,7,4,3
1010,1,2,1,4,3,1,2,4,4,3,3,4,4,2,2,2,1,3,11,10,4,3,1,2,3,3,2,3,2,2,5,3,3
1011,1,2,1,3,3,3,2,3,4,3,3,3,2,3,4,7,4,2,8,5,9,3,4,1,3,4,1,5,1,10,4,3,4
1012,1,2,2,4,3,2,3,2,4,4,4,4,4,1,1,5,4,8,7,11,5,2,3,7,1,3,2,1,5,11,4,1,3
1013,1,2,1,4,3,2,3,3,4,3,2,3,4,1,2,5,10,2,11,8,7,3,4,8,3,3,4,3,3,10,3,3,3
1014,1,2,9,4,3,2,3,3,3,2,4,3,3,2,2,2,9,4,11,10,5,3,1,7,3,3,5,3,1,12,3,2,4
1015,1,1,14,5,4,2,3,3,3,2,2,3,3,2,3,5,8,2,12,,,11,,,5,4,4,7,1,1,8,3,4
1016,4,1,7,4,4,1,4,4,2,4,1,4,4,2,4,3,4,2,11,10,6,3,1,4,2,3,4,2,3,1,5,3,2
1017,2,1,3,4,3,1,3,4,4,3,2,4,3,2,2,1,2,8,7,10,11,3,9,1,4,3,3,1,3,1,2,2,3
1018,3,1,9,5,3,2,3,3,3,2,2,3,2,2,3,1,2,5,3,9,11,4,3,1,4,3,2,3,2,1,5,3,3
1019,4,1,15,4,3,1,3,4,3,3,3,3,3,2,2,2,4,5,3,11,10,3,1,4,4,4,2,3,3,1,4,3,2
1020,2,2,1,4,3,2,3,3,4,3,3,3,4,3,3,1,8,2,5,10,3,3,1,4,3,3,4,2,1,2,3,3,4
1021,2,2,1,4,3,1,3,3,3,3,3,3,3,2,3,1,5,8,12,,,3,4,7,5,3,2,2,1,11,4,2,3
1022,2,2,9,4,1,2,3,3,4,3,2,3,3,1,2,5,8,7,12,,,3,7,1,4,4,5,4,3,11,1,3,2
1023,2,2,1,4,3,2,2,3,3,1,2,3,3,1,1,2,1,7,5,7,8,1,4,3,3,4,5,2,2,2,1,2,3
1024,2,2,4,4,3,3,2,3,4,3,1,4,3,1,2,11,1,2,2,9,8,3,1,6,3,4,2,3,3,3,5,2,3
1025,2,1,9,4,4,2,2,3,4,2,2,3,4,1,1,1,8,11,9,5,2,1,3,2,4,4,2,2,2,1,3,3,4
1026,3,1,16,4,3,3,3,4,3,4,4,4,2,2,3,2,1,6,11,5,9,3,1,4,3,3,4,5,5,1,4,2,4
1027,3,2,1,4,3,1,4,4,4,4,4,4,4,4,3,1,5,3,12,,,3,4,1,2,3,2,4,4,3,5,2,2
1028,1,1,9,4,3,2,3,3,3,3,2,3,3,3,3,3,2,4,7,10,5,3,4,1,3,4,4,3,3,1,4,1,3
1029,1,1,9,4,4,2,3,3,2,3,3,2,3,2,3,6,5,8,3,2,8,2,3,1,2,2,3,2,2,1,7,4,2
1030,3,1,11,2,3,1,4,4,3,2,3,2,4,3,3,2,7,5,3,11,9,3,1,4,4,2,3,5,4,1,8,3,2
1031,4,1,15,2,4,1,3,3,3,3,3,2,3,3,3,1,2,5,12,,,3,1,9,5,2,2,2,1,1,4,2,3
1032,2,1,1,2,3,2,3,3,3,2,2,3,3,2,1,1,2,3,2,3,10,3,1,8,1,4,2,3,3,1,5,3,3
1033,4,1,4,2,4,3,4,3,3,3,2,3,3,2,3,3,5,2,11,9,10,3,4,1,3,3,2,3,3,1,5,3,3
1034,4,1,9,4,3,3,3,3,3,2,2,4,2,3,3,5,4,3,9,8,10,3,4,1,3,3,2,5,5,1,6,3,2
1035,4,1,1,4,3,1,3,3,4,3,3,2,4,2,3,2,3,1,7,5,4,3,2,1,5,3,2,1,1,1,5,2,4
1036,4,1,1,4,4,1,4,3,3,2,2,2,3,3,3,3,4,6,12,,,3,1,4,5,3,4,2,2,1,5,2,2
1037,4,1,1,4,3,1,3,3,3,2,2,3,3,2,2,6,4,10,11,2,7,3,4,9,3,2,2,3,2,1,7,2,2
1038,4,1,1,5,3,2,3,3,3,2,2,4,3,2,2,2,8,3,12,,,3,1,4,3,3,1,3,3,1,8,4,2
